period,hour,dst,storm_pred,storm_proba
train_a,433 days 20:00:00,3,0,0.0013702484
train_a,433 days 21:00:00,5,0,0.0009574891
train_a,433 days 22:00:00,7,0,0.000866009
train_a,433 days 23:00:00,12,0,0.0015856134
train_a,434 days 00:00:00,9,0,0.001693704
train_a,434 days 01:00:00,7,0,0.0024242247
train_a,434 days 02:00:00,7,0,0.0021964242
train_a,434 days 03:00:00,7,0,0.0035792736
train_a,434 days 04:00:00,8,0,0.0046743825
train_a,434 days 05:00:00,11,0,0.004296574
train_a,434 days 06:00:00,14,0,0.0037418976
train_a,434 days 07:00:00,18,0,0.0046348716
train_a,434 days 08:00:00,16,0,0.0025281997
train_a,434 days 09:00:00,17,0,0.0104798945
train_a,434 days 10:00:00,11,0,0.0015704363
train_a,434 days 11:00:00,2,0,0.0027076001
train_a,434 days 12:00:00,4,0,0.0058931746
train_a,434 days 13:00:00,8,0,0.0042742393
train_a,434 days 14:00:00,2,0,0.008925815
train_a,434 days 15:00:00,1,0,0.010732844
train_a,434 days 16:00:00,2,0,0.0194771
train_a,434 days 17:00:00,-4,0,0.0077832676
train_a,434 days 18:00:00,-16,0,0.14376709
train_a,434 days 19:00:00,-20,0,0.34945434
train_a,434 days 20:00:00,-23,1,0.66659456
train_a,434 days 21:00:00,-22,1,0.5127158
train_a,434 days 22:00:00,-19,0,0.21627437
train_a,434 days 23:00:00,-17,0,0.13689877
train_a,435 days 00:00:00,-17,0,0.24991778
train_a,435 days 01:00:00,-16,0,0.3455216
train_a,435 days 02:00:00,-15,0,0.45402074
train_a,435 days 03:00:00,-14,0,0.26971146
train_a,435 days 04:00:00,-14,0,0.21956202
train_a,435 days 05:00:00,-12,0,0.19384193
train_a,435 days 06:00:00,-8,0,0.020002447
train_a,435 days 07:00:00,-2,0,0.05471683
train_a,435 days 08:00:00,-6,1,0.5028703
train_a,435 days 09:00:00,-18,0,0.27817246
train_a,435 days 10:00:00,-22,0,0.16037393
train_a,435 days 11:00:00,-11,0,0.01786442
train_a,435 days 12:00:00,-9,0,0.05751425
train_a,435 days 13:00:00,-10,0,0.13798092
train_a,435 days 14:00:00,-7,0,0.19362338
train_a,435 days 15:00:00,-8,0,0.20060135
train_a,435 days 16:00:00,-14,0,0.2624585
train_a,435 days 17:00:00,-15,0,0.15592283
train_a,435 days 18:00:00,-15,0,0.257947
train_a,435 days 19:00:00,-22,0,0.20500891
train_a,435 days 20:00:00,-15,0,0.09440591
train_a,435 days 21:00:00,-13,0,0.023552561
train_a,435 days 22:00:00,-19,0,0.07585599
train_a,435 days 23:00:00,-25,0,0.14330056
train_a,436 days 00:00:00,-25,0,0.04079886
train_a,436 days 01:00:00,-25,0,0.074117385
train_a,436 days 02:00:00,-21,0,0.23673363
train_a,436 days 03:00:00,-21,0,0.071763106
train_a,436 days 04:00:00,-25,0,0.040183302
train_a,436 days 05:00:00,-25,0,0.15353225
train_a,436 days 06:00:00,-22,0,0.06600382
train_a,436 days 07:00:00,-27,0,0.0942641
train_a,436 days 08:00:00,-34,0,0.2058457
train_a,436 days 09:00:00,-30,0,0.080861844
train_a,436 days 10:00:00,-25,0,0.040933497
train_a,436 days 11:00:00,-22,0,0.30821067
train_a,436 days 12:00:00,-17,0,0.1426737
train_a,436 days 13:00:00,-19,0,0.051555883
train_a,436 days 14:00:00,-18,0,0.033211403
train_a,436 days 15:00:00,-18,0,0.016296897
train_a,436 days 16:00:00,-21,0,0.014350223
train_a,436 days 17:00:00,-25,0,0.00809867
train_a,436 days 18:00:00,-24,0,0.003981262
train_a,436 days 19:00:00,-29,0,0.009470537
train_a,436 days 20:00:00,-38,0,0.11680773
train_a,436 days 21:00:00,-46,0,0.08454262
train_a,436 days 22:00:00,-42,0,0.23250973
train_a,436 days 23:00:00,-36,0,0.16954607
train_a,437 days 00:00:00,-37,0,0.0857343
train_a,437 days 01:00:00,-32,0,0.07776863
train_a,437 days 02:00:00,-31,0,0.19374603
train_a,437 days 03:00:00,-29,0,0.08589313
train_a,437 days 04:00:00,-33,0,0.15556434
train_a,437 days 05:00:00,-35,0,0.051405616
train_a,437 days 06:00:00,-25,0,0.13136558
train_a,437 days 07:00:00,-16,0,0.032832332
train_a,437 days 08:00:00,-13,0,0.05162125
train_a,437 days 09:00:00,-10,0,0.041511156
train_a,437 days 10:00:00,-14,0,0.05005686
train_a,437 days 11:00:00,-13,0,0.21084857
train_a,437 days 12:00:00,-10,0,0.18217476
train_a,437 days 13:00:00,-16,0,0.46859324
train_a,437 days 14:00:00,-10,0,0.3562884
train_a,437 days 16:00:00,-17,0,0.44919437
train_a,437 days 17:00:00,-14,0,0.43768868
train_a,437 days 18:00:00,-20,0,0.07370226
train_a,437 days 19:00:00,-24,0,0.31239435
train_a,437 days 20:00:00,-28,0,0.24054863
train_a,437 days 21:00:00,-23,0,0.2394861
train_a,437 days 22:00:00,-33,0,0.12709375
train_a,437 days 23:00:00,-33,0,0.073280245
train_a,438 days 00:00:00,-33,1,0.5645054
train_a,438 days 01:00:00,-33,0,0.42564595
train_a,438 days 02:00:00,-27,0,0.45377067
train_a,438 days 03:00:00,-24,0,0.35983336
train_a,438 days 04:00:00,-34,0,0.49571815
train_a,438 days 05:00:00,-28,0,0.38048863
train_a,438 days 06:00:00,-18,0,0.10981277
train_a,438 days 07:00:00,-16,0,0.10692015
train_a,438 days 08:00:00,-20,0,0.34857628
train_a,438 days 09:00:00,-23,0,0.108162984
train_a,438 days 10:00:00,-19,0,0.21186037
train_a,438 days 11:00:00,-16,0,0.016941957
train_a,438 days 12:00:00,-19,0,0.08746952
train_a,438 days 13:00:00,-19,0,0.23012991
train_a,438 days 14:00:00,-20,0,0.45272794
train_a,438 days 15:00:00,-15,0,0.025966058
train_a,438 days 16:00:00,-16,0,0.022781719
train_a,438 days 17:00:00,-17,0,0.017076775
train_a,438 days 18:00:00,-17,0,0.12102871
train_a,438 days 20:00:00,-18,0,0.04531041
train_a,438 days 21:00:00,-16,0,0.02167172
train_a,438 days 22:00:00,-15,0,0.06400732
train_a,438 days 23:00:00,-23,0,0.17810215
train_a,439 days 00:00:00,-21,0,0.20630701
train_a,439 days 01:00:00,-15,0,0.3682875
train_a,439 days 02:00:00,-14,0,0.100813985
train_a,439 days 03:00:00,-15,0,0.26231247
train_a,439 days 04:00:00,-21,0,0.10245991
train_a,439 days 05:00:00,-25,0,0.114445075
train_a,439 days 06:00:00,-19,0,0.04029789
train_a,439 days 07:00:00,-15,0,0.1775975
train_a,439 days 08:00:00,-16,0,0.10873851
train_a,439 days 09:00:00,-18,0,0.080176756
train_a,439 days 10:00:00,-16,0,0.027478285
train_a,439 days 11:00:00,-10,0,0.04196388
train_a,439 days 12:00:00,-11,0,0.051130254
train_a,439 days 13:00:00,-14,0,0.25184676
train_a,439 days 14:00:00,-14,0,0.2268525
train_a,439 days 15:00:00,-18,1,0.5718862
train_a,439 days 16:00:00,-12,0,0.049625
train_a,439 days 17:00:00,-14,0,0.03759491
train_a,439 days 18:00:00,-17,0,0.036834396
train_a,439 days 19:00:00,-16,0,0.17821918
train_a,439 days 20:00:00,-26,0,0.23447764
train_a,439 days 21:00:00,-29,0,0.3189773
train_a,439 days 22:00:00,-24,0,0.17174062
train_a,439 days 23:00:00,-20,0,0.07619188
train_a,440 days 00:00:00,-22,1,0.511155
train_a,440 days 01:00:00,-21,0,0.039133318
train_a,440 days 02:00:00,-23,0,0.021995183
train_a,440 days 03:00:00,-16,0,0.03684912
train_a,440 days 04:00:00,-15,0,0.02286005
train_a,440 days 05:00:00,-15,0,0.044970386
train_a,440 days 06:00:00,-16,0,0.34376967
train_a,440 days 07:00:00,-18,0,0.09773291
train_a,440 days 08:00:00,-22,0,0.05482059
train_a,440 days 09:00:00,-25,0,0.08234449
train_a,440 days 10:00:00,-21,0,0.13428491
train_a,440 days 11:00:00,-14,0,0.034159828
train_a,440 days 12:00:00,-14,0,0.016783027
train_a,440 days 13:00:00,-17,0,0.00814066
train_a,440 days 14:00:00,-13,0,0.09177465
train_a,440 days 15:00:00,-9,0,0.10175758
train_a,440 days 16:00:00,-8,0,0.16848367
train_a,440 days 17:00:00,-12,0,0.15367626
train_a,440 days 18:00:00,-18,0,0.23603505
train_a,440 days 19:00:00,-21,0,0.15113325
train_a,440 days 20:00:00,-16,0,0.046311345
train_a,440 days 21:00:00,-14,0,0.07991781
train_a,440 days 22:00:00,-13,0,0.05437218
train_a,440 days 23:00:00,-16,0,0.024428776
train_a,441 days 00:00:00,-19,0,0.018030569
train_a,441 days 01:00:00,-19,0,0.14452608
train_a,441 days 02:00:00,-19,0,0.12470138
train_a,441 days 03:00:00,-17,0,0.049226552
train_a,441 days 04:00:00,-18,0,0.069813676
train_a,441 days 05:00:00,-17,0,0.03489996
train_a,441 days 06:00:00,-11,0,0.01280417
train_a,441 days 07:00:00,-8,0,0.014176164
train_a,441 days 08:00:00,-7,0,0.0018421884
train_a,441 days 09:00:00,-12,0,0.028275086
train_a,441 days 10:00:00,-19,0,0.024790546
train_a,441 days 11:00:00,-18,0,0.0046501835
train_a,441 days 12:00:00,-12,0,0.01470393
train_a,441 days 13:00:00,-10,0,0.017792778
train_a,441 days 14:00:00,-9,0,0.057283815
train_a,441 days 15:00:00,-8,0,0.0069284732
train_a,441 days 16:00:00,-7,0,0.005939242
train_a,441 days 17:00:00,-10,0,0.004696014
train_a,441 days 18:00:00,-12,0,0.0008675684
train_a,441 days 19:00:00,-15,0,0.0004424392
train_a,441 days 20:00:00,-18,0,0.0028661648
train_a,441 days 21:00:00,-20,0,0.0035683317
train_a,441 days 22:00:00,-17,0,0.0053591616
train_a,441 days 23:00:00,-13,0,0.0025809251
train_a,442 days 00:00:00,-14,0,0.01074342
train_a,442 days 01:00:00,-11,0,0.0043955073
train_a,442 days 02:00:00,-9,0,0.005093969
train_a,442 days 03:00:00,-9,0,0.0046764594
train_a,442 days 04:00:00,-8,0,0.030350264
train_a,442 days 05:00:00,-6,0,0.0068008583
train_a,442 days 06:00:00,-3,0,0.0074323993
train_a,442 days 07:00:00,-1,0,0.0035814985
train_a,442 days 08:00:00,-3,0,0.010371886
train_a,442 days 09:00:00,-9,0,0.009675794
train_a,442 days 10:00:00,-7,0,0.01996605
train_a,442 days 11:00:00,-3,0,0.013773759
train_a,442 days 12:00:00,-3,0,0.0051881056
train_a,442 days 13:00:00,-1,0,0.0077307597
train_a,442 days 14:00:00,1,0,0.00615686
train_a,442 days 15:00:00,1,0,0.031422533
train_a,442 days 16:00:00,1,0,0.015536337
train_a,442 days 17:00:00,1,0,0.0062370403
train_a,442 days 18:00:00,1,0,0.0054243524
train_a,442 days 19:00:00,1,0,0.0060744095
train_a,442 days 20:00:00,2,0,0.002017146
train_a,442 days 21:00:00,0,0,0.003117057
train_a,442 days 22:00:00,-2,0,0.0074050957
train_a,442 days 23:00:00,-4,0,0.013404043
train_a,443 days 00:00:00,-7,0,0.015643077
train_a,443 days 01:00:00,-8,0,0.008359489
train_a,443 days 02:00:00,-8,0,0.010994495
train_a,443 days 03:00:00,-7,0,0.021896865
train_a,443 days 04:00:00,-6,0,0.017594794
train_a,443 days 05:00:00,-3,0,0.004683076
train_a,443 days 06:00:00,0,0,0.0011292605
train_a,443 days 07:00:00,3,0,0.0026400979
train_a,443 days 08:00:00,3,0,0.0037440294
train_a,443 days 09:00:00,0,0,0.002258408
train_a,443 days 10:00:00,2,0,0.0015248706
train_a,443 days 11:00:00,9,0,0.0017261624
train_a,443 days 12:00:00,8,0,0.00092954794
train_a,443 days 13:00:00,8,0,0.0033731097
train_a,443 days 14:00:00,5,0,0.0018758427
train_a,443 days 15:00:00,11,0,0.012535001
train_a,443 days 16:00:00,24,0,0.0077496795
train_a,443 days 17:00:00,26,0,0.0031080244
train_a,443 days 18:00:00,22,0,0.01509639
train_a,443 days 19:00:00,19,0,0.04007594
train_a,443 days 20:00:00,23,0,0.009770331
train_a,443 days 21:00:00,24,0,0.0019734409
train_a,443 days 22:00:00,21,0,0.006497285
train_a,443 days 23:00:00,19,0,0.023624357
train_a,444 days 00:00:00,9,0,0.029809775
train_a,444 days 01:00:00,4,0,0.029652832
train_a,444 days 02:00:00,3,0,0.06373407
train_a,444 days 03:00:00,1,0,0.078506306
train_a,444 days 04:00:00,-2,0,0.20136914
train_a,444 days 05:00:00,-4,0,0.056530837
train_a,444 days 06:00:00,1,0,0.027967671
train_a,444 days 07:00:00,3,0,0.06300424
train_a,444 days 08:00:00,-7,0,0.09476677
train_a,444 days 09:00:00,-4,0,0.02880877
train_a,444 days 10:00:00,2,0,0.049418
train_a,444 days 11:00:00,2,1,0.733676
train_a,444 days 12:00:00,-5,0,0.4052293
train_a,444 days 13:00:00,-2,0,0.09322306
train_a,444 days 14:00:00,0,0,0.057478264
train_a,444 days 15:00:00,0,0,0.0791936
train_a,444 days 16:00:00,-4,0,0.030200494
train_a,444 days 17:00:00,-6,0,0.10712762
train_a,444 days 18:00:00,-6,0,0.0136930905
train_a,444 days 19:00:00,-8,0,0.09232201
train_a,444 days 20:00:00,-6,0,0.16461574
train_a,444 days 21:00:00,-9,0,0.1253102
train_a,444 days 22:00:00,-10,0,0.048142955
train_a,444 days 23:00:00,-11,0,0.21387145
train_a,445 days 00:00:00,-10,0,0.044370636
train_a,445 days 01:00:00,-12,0,0.07285148
train_a,445 days 02:00:00,-13,0,0.08343992
train_a,445 days 03:00:00,-15,0,0.031253245
train_a,445 days 04:00:00,-16,0,0.110208675
train_a,445 days 05:00:00,-18,0,0.055317193
train_a,445 days 06:00:00,-11,0,0.06849775
train_a,445 days 07:00:00,-7,0,0.076331146
train_a,445 days 08:00:00,-7,0,0.027153859
train_a,445 days 09:00:00,-9,0,0.113564834
train_a,445 days 10:00:00,-9,0,0.102624856
train_a,445 days 11:00:00,-5,0,0.03544164
train_a,445 days 12:00:00,-4,0,0.026283624
train_a,445 days 13:00:00,-5,0,0.0175286
train_a,445 days 14:00:00,-2,0,0.02038217
train_a,445 days 15:00:00,1,0,0.017867623
train_a,445 days 16:00:00,1,0,0.018081574
train_a,445 days 17:00:00,1,0,0.024308173
train_a,445 days 18:00:00,1,0,0.02153745
train_a,445 days 19:00:00,1,0,0.021314377
train_a,445 days 20:00:00,-2,0,0.003295323
train_a,445 days 21:00:00,-9,0,0.01569061
train_a,445 days 22:00:00,-8,0,0.04127547
train_a,445 days 23:00:00,-4,0,0.011034886
train_a,446 days 00:00:00,-5,0,0.009671737
train_a,446 days 01:00:00,-7,0,0.004577159
train_a,446 days 02:00:00,-10,0,0.005744053
train_a,446 days 03:00:00,-10,0,0.004419488
train_a,446 days 04:00:00,-9,0,0.0053969338
train_a,446 days 05:00:00,-5,0,0.008644819
train_a,446 days 06:00:00,-3,0,0.003908837
train_a,446 days 07:00:00,-2,0,0.008111469
train_a,446 days 08:00:00,-5,0,0.0027264033
train_a,446 days 09:00:00,-5,0,0.000946016
train_a,446 days 10:00:00,-2,0,0.0014187936
train_a,446 days 11:00:00,1,0,0.0067976117
train_a,446 days 12:00:00,2,0,0.018058488
train_a,446 days 13:00:00,1,0,0.019029161
train_a,446 days 14:00:00,0,0,0.003324598
train_a,446 days 15:00:00,4,0,0.0034052636
train_a,446 days 16:00:00,4,0,0.0016013187
train_a,446 days 17:00:00,3,0,0.0010541476
train_a,446 days 18:00:00,3,0,0.0011563011
train_a,446 days 19:00:00,2,0,0.0012351879
train_a,446 days 20:00:00,2,0,0.0033383346
train_a,446 days 21:00:00,-2,0,0.004047501
train_a,446 days 22:00:00,-3,0,0.004999466
train_a,446 days 23:00:00,-2,0,0.0013321337
train_a,447 days 00:00:00,-3,0,0.002524675
train_a,447 days 01:00:00,-1,0,0.0030292375
train_a,447 days 02:00:00,1,0,0.00076968456
train_a,447 days 03:00:00,0,0,0.0011268455
train_a,447 days 04:00:00,-1,0,0.0010389754
train_a,447 days 05:00:00,3,0,0.0033377032
train_a,447 days 06:00:00,6,0,0.0038300415
train_a,447 days 07:00:00,7,0,0.006837166
train_a,447 days 08:00:00,8,0,0.00093536003
train_a,447 days 09:00:00,7,0,0.004939874
train_a,447 days 10:00:00,5,0,0.00400211
train_a,447 days 11:00:00,6,0,0.0015886086
train_a,447 days 12:00:00,4,0,0.0019004542
train_a,447 days 13:00:00,4,0,0.004532559
train_a,447 days 14:00:00,7,0,0.0016617174
train_a,447 days 15:00:00,12,0,0.0010797401
train_a,447 days 16:00:00,11,0,0.0011517857
train_a,447 days 17:00:00,9,0,0.0021650172
train_a,447 days 18:00:00,12,0,0.0011995045
train_a,447 days 19:00:00,11,0,0.0013033386
train_a,447 days 20:00:00,11,0,0.0015498055
train_a,447 days 21:00:00,12,0,0.0010151989
train_a,447 days 22:00:00,11,0,0.0028497211
train_a,447 days 23:00:00,10,0,0.00339823
train_a,448 days 00:00:00,9,0,0.0010925168
train_a,448 days 01:00:00,7,0,0.013789599
train_a,448 days 02:00:00,7,0,0.008779341
train_a,448 days 03:00:00,8,0,0.007580655
train_a,448 days 04:00:00,3,0,0.0018030625
train_a,448 days 05:00:00,0,0,0.0020811963
train_a,448 days 06:00:00,3,0,0.0016745882
train_a,448 days 07:00:00,8,0,0.003543643
train_a,448 days 08:00:00,7,0,0.0010431902
train_a,448 days 09:00:00,3,0,0.0011010356
train_a,448 days 10:00:00,5,0,0.0017035997
train_a,448 days 11:00:00,7,0,0.0022697784
train_a,448 days 12:00:00,8,0,0.004412878
train_a,448 days 13:00:00,7,0,0.0041177277
train_a,448 days 14:00:00,4,0,0.009291726
train_a,448 days 15:00:00,6,0,0.015110384
train_a,448 days 16:00:00,4,0,0.011457558
train_a,448 days 17:00:00,2,0,0.028888935
train_a,448 days 18:00:00,0,0,0.006805987
train_a,448 days 19:00:00,1,0,0.06844751
train_a,448 days 20:00:00,2,0,0.021531949
train_a,448 days 21:00:00,1,0,0.007180348
train_a,448 days 22:00:00,3,0,0.0019258977
train_a,448 days 23:00:00,5,0,0.0013633047
train_a,449 days 00:00:00,6,0,0.0012178371
train_a,449 days 01:00:00,3,0,0.0018556763
train_a,449 days 02:00:00,2,0,0.0018742327
train_a,449 days 03:00:00,0,0,0.0008959468
train_a,449 days 04:00:00,-2,0,0.001009308
train_a,449 days 05:00:00,0,0,0.0013248066
train_a,449 days 06:00:00,3,0,0.0010759511
train_a,449 days 07:00:00,3,0,0.00138093
train_a,449 days 08:00:00,2,0,0.0010202938
train_a,449 days 09:00:00,0,0,0.001067676
train_a,449 days 10:00:00,0,0,0.0008915917
train_a,449 days 11:00:00,1,0,0.0009023654
train_a,449 days 12:00:00,0,0,0.0009599152
train_a,449 days 13:00:00,-3,0,0.00074925646
train_a,449 days 14:00:00,-3,0,0.00247975
train_a,449 days 15:00:00,-1,0,0.0012192706
train_a,449 days 16:00:00,0,0,0.0013001442
train_a,449 days 17:00:00,0,0,0.0020210778
train_a,449 days 18:00:00,0,0,0.0018878165
train_a,449 days 19:00:00,3,0,0.001540928
train_a,449 days 20:00:00,5,0,0.002029171
train_a,449 days 21:00:00,7,0,0.0061392067
train_a,449 days 22:00:00,9,0,0.00582466
train_a,449 days 23:00:00,11,0,0.0017268609
train_a,450 days 00:00:00,11,0,0.0011618426
train_a,450 days 01:00:00,8,0,0.0009285225
train_a,450 days 02:00:00,5,0,0.0014221781
train_a,450 days 03:00:00,3,0,0.30607662
train_a,450 days 04:00:00,4,0,0.0032802178
train_a,450 days 05:00:00,-2,0,0.33994052
train_a,450 days 06:00:00,-4,1,0.8418154
train_a,450 days 07:00:00,1,1,0.8956168
train_a,450 days 08:00:00,-1,0,0.05725542
train_a,450 days 09:00:00,-2,0,0.013839711
train_a,450 days 10:00:00,2,0,0.015975215
train_a,450 days 11:00:00,8,0,0.12782168
train_a,450 days 12:00:00,11,0,0.010959588
train_a,450 days 13:00:00,20,0,0.022943528
train_a,450 days 14:00:00,25,0,0.02083554
train_a,450 days 15:00:00,25,0,0.015871415
train_a,450 days 16:00:00,31,0,0.017489022
train_a,450 days 17:00:00,32,0,0.00593103
train_a,450 days 18:00:00,37,0,0.0031829814
train_a,450 days 19:00:00,28,0,0.006147038
train_a,450 days 20:00:00,13,0,0.014972565
train_a,450 days 21:00:00,13,0,0.008777151
train_a,450 days 22:00:00,16,0,0.008327828
train_a,450 days 23:00:00,20,0,0.007735373
train_a,451 days 00:00:00,21,0,0.0057292064
train_a,451 days 01:00:00,15,0,0.013036131
train_a,451 days 02:00:00,5,0,0.006571573
train_a,451 days 03:00:00,2,0,0.024388513
train_a,451 days 04:00:00,-7,0,0.1657304
train_a,451 days 05:00:00,-26,1,0.582048
train_a,451 days 06:00:00,-41,1,0.8364656
train_a,451 days 07:00:00,-29,0,0.48322988
train_a,451 days 08:00:00,-24,0,0.47638732
train_a,451 days 09:00:00,-23,0,0.30125982
train_a,451 days 10:00:00,-25,0,0.016245728
train_a,451 days 11:00:00,-22,0,0.015407753
train_a,451 days 12:00:00,-22,0,0.042320464
train_a,451 days 13:00:00,-32,1,0.5429846
train_a,451 days 14:00:00,-49,1,0.7404046
train_a,451 days 15:00:00,-47,0,0.31213498
train_a,451 days 16:00:00,-30,0,0.20548645
train_a,451 days 17:00:00,-24,0,0.31941864
train_a,451 days 18:00:00,-28,0,0.024898306
train_a,451 days 19:00:00,-28,0,0.27481908
train_a,451 days 20:00:00,-29,0,0.06136416
train_a,451 days 21:00:00,-33,0,0.11234157
train_a,451 days 22:00:00,-30,0,0.07246552
train_a,451 days 23:00:00,-29,0,0.021913162
train_a,452 days 00:00:00,-27,0,0.017457135
train_a,452 days 01:00:00,-29,0,0.057297915
train_a,452 days 02:00:00,-32,0,0.016860217
train_a,452 days 03:00:00,-33,0,0.054174557
train_a,452 days 04:00:00,-27,0,0.18281266
train_a,452 days 05:00:00,-21,0,0.051252093
train_a,452 days 06:00:00,-16,0,0.007395817
train_a,452 days 07:00:00,-21,0,0.027226465
train_a,452 days 08:00:00,-20,0,0.024329258
train_a,452 days 09:00:00,-18,0,0.0057765455
train_a,452 days 10:00:00,-12,0,0.0074421396
train_a,452 days 11:00:00,-14,0,0.007160104
train_a,452 days 12:00:00,-10,0,0.009310958
train_a,452 days 13:00:00,-10,0,0.007929857
train_a,452 days 14:00:00,-11,0,0.021990836
train_a,452 days 15:00:00,-13,0,0.020281572
train_a,452 days 16:00:00,-13,0,0.0038524203
train_a,452 days 17:00:00,-9,0,0.004271253
train_a,452 days 18:00:00,-9,0,0.005095062
train_a,452 days 19:00:00,-8,0,0.007949508
train_a,452 days 20:00:00,-7,0,0.00780542
train_a,452 days 21:00:00,-7,0,0.004533441
train_a,452 days 22:00:00,-7,0,0.0048009343
train_a,452 days 23:00:00,-7,0,0.030062754
train_a,453 days 00:00:00,-14,0,0.007962179
train_a,453 days 01:00:00,-14,0,0.006394965
train_a,453 days 02:00:00,-11,0,0.007220872
train_a,453 days 03:00:00,-8,0,0.0029943346
train_a,453 days 04:00:00,-8,0,0.0052310918
train_a,453 days 05:00:00,-7,0,0.0054808753
train_a,453 days 06:00:00,-2,0,0.0037235797
train_a,453 days 07:00:00,2,0,0.010069822
train_a,453 days 08:00:00,1,0,0.010474283
train_a,453 days 09:00:00,3,0,0.0054208958
train_a,453 days 10:00:00,3,0,0.0033900284
train_a,453 days 11:00:00,7,0,0.0012480018
train_a,453 days 12:00:00,7,0,0.0015334667
train_a,453 days 13:00:00,6,0,0.0016278179
train_a,453 days 14:00:00,6,0,0.005792462
train_a,453 days 15:00:00,7,0,0.0010064787
train_a,453 days 16:00:00,5,0,0.0022059684
train_a,453 days 17:00:00,3,0,0.002019164
train_a,453 days 18:00:00,0,0,0.0011781557
train_a,453 days 19:00:00,-4,0,0.0022029234
train_a,453 days 20:00:00,-7,0,0.0012644588
train_a,453 days 21:00:00,-12,0,0.0031731187
train_a,453 days 22:00:00,-13,0,0.004677838
train_a,453 days 23:00:00,-9,0,0.0048465896
train_a,454 days 00:00:00,-7,0,0.0064402255
train_a,454 days 01:00:00,-4,0,0.0067160223
train_a,454 days 02:00:00,-3,0,0.006572227
train_a,454 days 03:00:00,-1,0,0.0029508644
train_a,454 days 04:00:00,-1,0,0.0034252503
train_a,454 days 05:00:00,2,0,0.0011850253
train_a,454 days 06:00:00,4,0,0.0019994627
train_a,454 days 07:00:00,6,0,0.0056240885
train_a,454 days 08:00:00,6,0,0.00175079
train_a,454 days 09:00:00,5,0,0.009412252
train_a,454 days 10:00:00,6,0,0.007630405
train_a,454 days 11:00:00,12,0,0.005998271
train_a,454 days 12:00:00,14,0,0.0035619505
train_a,454 days 13:00:00,14,0,0.0021976044
train_a,454 days 14:00:00,13,0,0.011875801
train_a,454 days 15:00:00,13,0,0.008832369
train_a,454 days 16:00:00,12,0,0.0030361777
train_a,454 days 17:00:00,12,0,0.0037778728
train_a,454 days 18:00:00,10,0,0.0024258408
train_a,454 days 19:00:00,8,0,0.0021954023
train_a,454 days 20:00:00,8,0,0.0027038378
train_a,454 days 21:00:00,7,0,0.0025636433
train_a,454 days 22:00:00,7,0,0.0017305978
train_a,454 days 23:00:00,7,0,0.006108174
train_a,455 days 00:00:00,7,0,0.0044575986
train_a,455 days 01:00:00,6,0,0.010156883
train_a,455 days 02:00:00,7,0,0.009492386
train_a,455 days 03:00:00,7,0,0.004184238
train_a,455 days 04:00:00,7,0,0.0007055824
train_a,455 days 05:00:00,9,0,0.002681609
train_a,455 days 06:00:00,11,0,0.0009276793
train_a,455 days 07:00:00,10,0,0.0010712659
train_a,455 days 08:00:00,8,0,0.0018405715
train_a,455 days 09:00:00,9,0,0.0018165049
train_a,455 days 10:00:00,10,0,0.0014214098
train_a,455 days 11:00:00,9,0,0.00054550567
train_a,455 days 12:00:00,11,0,0.00082447036
train_a,455 days 13:00:00,11,0,0.0010886302
train_a,455 days 14:00:00,11,0,0.0016184673
train_a,455 days 15:00:00,10,0,0.0015674215
train_a,455 days 16:00:00,10,0,0.0032038277
train_a,455 days 17:00:00,9,0,0.0037041772
train_a,455 days 18:00:00,11,0,0.003245305
train_a,455 days 19:00:00,11,0,0.0037792318
train_a,455 days 20:00:00,10,0,0.018474936
train_a,455 days 21:00:00,6,0,0.0045123515
train_a,455 days 22:00:00,6,0,0.0035507134
train_a,455 days 23:00:00,5,0,0.0025196415
train_a,456 days 00:00:00,6,0,0.0058554844
train_a,456 days 01:00:00,33,0,0.14709681
train_a,456 days 02:00:00,37,1,0.67161506
train_a,456 days 03:00:00,48,0,0.016338104
train_a,456 days 04:00:00,41,0,0.18313234
train_a,456 days 05:00:00,19,0,0.29505217
train_a,456 days 06:00:00,-12,0,0.3684068
train_a,456 days 07:00:00,-22,0,0.46688682
train_a,456 days 08:00:00,-21,0,0.033025686
train_a,456 days 09:00:00,-9,0,0.4299945
train_a,456 days 10:00:00,-6,1,0.5379952
train_a,456 days 11:00:00,3,1,0.6064274
train_a,456 days 12:00:00,2,0,0.20494375
train_a,456 days 13:00:00,6,0,0.407807
train_a,456 days 14:00:00,-1,0,0.48003227
train_a,456 days 15:00:00,0,0,0.04394013
train_a,456 days 16:00:00,4,0,0.03239589
train_a,456 days 17:00:00,1,0,0.10422361
train_a,456 days 18:00:00,-6,0,0.12354435
train_a,456 days 19:00:00,-3,0,0.18906087
train_a,456 days 20:00:00,-11,1,0.6890408
train_a,456 days 21:00:00,-10,0,0.21884845
train_a,456 days 22:00:00,-12,1,0.6065416
train_a,456 days 23:00:00,-15,1,0.53464377
train_a,457 days 00:00:00,-17,0,0.48831812
train_a,457 days 01:00:00,-18,0,0.4318405
train_a,457 days 02:00:00,-23,1,0.84387475
train_a,457 days 03:00:00,-27,1,0.5194963
train_a,457 days 04:00:00,-25,0,0.21406448
train_a,457 days 05:00:00,-20,1,0.5271956
train_a,457 days 06:00:00,-13,1,0.65872896
train_a,457 days 07:00:00,-11,0,0.23580605
train_a,457 days 08:00:00,-12,0,0.17757405
train_a,457 days 09:00:00,-10,0,0.17690821
train_a,457 days 10:00:00,-3,0,0.39074463
train_a,457 days 11:00:00,0,0,0.036097012
train_a,457 days 12:00:00,3,0,0.25261348
train_a,457 days 13:00:00,2,1,0.6266996
train_a,457 days 14:00:00,-1,0,0.3277096
train_a,457 days 15:00:00,-1,1,0.5384313
train_a,457 days 16:00:00,-1,1,0.600156
train_a,457 days 17:00:00,1,1,0.694839
train_a,457 days 18:00:00,-1,1,0.61499137
train_a,457 days 19:00:00,-2,0,0.12106797
train_a,457 days 20:00:00,-2,0,0.068488866
train_a,457 days 21:00:00,-9,0,0.034504797
train_a,457 days 22:00:00,-7,0,0.03426417
train_a,457 days 23:00:00,-7,0,0.054737635
train_a,458 days 00:00:00,-11,0,0.42638603
train_a,458 days 01:00:00,-12,0,0.21128413
train_a,458 days 02:00:00,-11,0,0.20432511
train_a,458 days 03:00:00,-9,0,0.2789223
train_a,458 days 04:00:00,-9,0,0.10612039
train_a,458 days 05:00:00,-4,0,0.16052672
train_a,458 days 06:00:00,-2,0,0.10543918
train_a,458 days 07:00:00,-1,0,0.48211977
train_a,458 days 08:00:00,-3,0,0.4012653
train_a,458 days 09:00:00,-3,0,0.20996758
train_a,458 days 10:00:00,0,0,0.065067634
train_a,458 days 11:00:00,3,1,0.5573712
train_a,458 days 12:00:00,4,0,0.47666988
train_a,458 days 13:00:00,5,0,0.22375417
train_a,458 days 14:00:00,3,0,0.13796046
train_a,458 days 15:00:00,2,0,0.13698918
train_a,458 days 16:00:00,5,0,0.047126483
train_a,458 days 17:00:00,2,0,0.03771661
train_a,458 days 18:00:00,5,0,0.02828325
train_a,458 days 19:00:00,8,0,0.0667326
train_a,458 days 20:00:00,5,0,0.015651934
train_a,458 days 21:00:00,3,0,0.05772645
train_a,458 days 22:00:00,-5,0,0.08209107
train_a,458 days 23:00:00,-6,0,0.034855694
train_a,459 days 00:00:00,-4,0,0.04549096
train_a,459 days 01:00:00,-8,0,0.051113416
train_a,459 days 02:00:00,-8,0,0.03465586
train_a,459 days 03:00:00,-8,0,0.063360274
train_a,459 days 04:00:00,-7,0,0.057328593
train_a,459 days 05:00:00,-1,0,0.025723025
train_a,459 days 06:00:00,6,0,0.011350964
train_a,459 days 07:00:00,6,0,0.007958327
train_a,459 days 08:00:00,3,0,0.014218148
train_a,459 days 09:00:00,2,0,0.0288941
train_a,459 days 10:00:00,8,0,0.016290706
train_a,459 days 11:00:00,12,0,0.011824693
train_a,459 days 12:00:00,10,0,0.005959388
train_a,459 days 13:00:00,8,0,0.023592675
train_a,459 days 14:00:00,8,0,0.0066835755
train_a,459 days 15:00:00,9,0,0.012744211
train_a,459 days 16:00:00,10,0,0.008327123
train_a,459 days 17:00:00,12,0,0.0051832693
train_a,459 days 18:00:00,12,0,0.0090563465
train_a,459 days 19:00:00,13,0,0.0094476845
train_a,459 days 20:00:00,13,0,0.03496958
train_a,459 days 21:00:00,12,0,0.025228383
train_a,459 days 22:00:00,11,0,0.016557517
train_a,459 days 23:00:00,10,0,0.012056688
train_a,460 days 00:00:00,9,0,0.005002997
train_a,460 days 01:00:00,9,0,0.004261192
train_a,460 days 02:00:00,8,0,0.0038624387
train_a,460 days 03:00:00,3,0,0.028595816
train_a,460 days 04:00:00,2,0,0.0074395896
train_a,460 days 05:00:00,4,0,0.0055972794
train_a,460 days 06:00:00,8,0,0.0040996545
train_a,460 days 07:00:00,8,0,0.051434584
train_a,460 days 08:00:00,6,0,0.0055334796
train_a,460 days 09:00:00,8,0,0.0030195036
train_a,460 days 10:00:00,10,0,0.004365753
train_a,460 days 11:00:00,12,0,0.0035815532
train_a,460 days 12:00:00,11,0,0.0070157573
train_a,460 days 13:00:00,11,0,0.006395895
train_a,460 days 14:00:00,10,0,0.007801639
train_a,460 days 15:00:00,10,0,0.0067150556
train_a,460 days 16:00:00,10,0,0.003320125
train_a,460 days 17:00:00,12,0,0.008763728
train_a,460 days 18:00:00,13,0,0.007267448
train_a,460 days 19:00:00,13,0,0.009321032
train_a,460 days 20:00:00,12,0,0.008035163
train_a,460 days 21:00:00,11,0,0.0019090571
train_a,460 days 22:00:00,14,0,0.0035985934
train_a,460 days 23:00:00,16,0,0.003216547
train_a,461 days 00:00:00,14,0,0.0034359558
train_a,461 days 01:00:00,11,0,0.0132278055
train_a,461 days 02:00:00,11,0,0.012606596
train_a,461 days 03:00:00,11,0,0.006726671
train_a,461 days 04:00:00,15,0,0.0071645756
train_a,461 days 05:00:00,20,0,0.01322355
train_a,461 days 06:00:00,23,0,0.03741116
train_a,461 days 07:00:00,29,0,0.07660872
train_a,461 days 08:00:00,32,0,0.008488425
train_a,461 days 09:00:00,31,0,0.017000452
train_a,461 days 10:00:00,15,0,0.021048186
train_a,461 days 11:00:00,8,0,0.028359063
train_a,461 days 12:00:00,5,0,0.10689892
train_a,461 days 13:00:00,2,0,0.2148383
train_a,461 days 14:00:00,5,0,0.11870461
train_a,461 days 15:00:00,10,1,0.5644089
train_a,461 days 16:00:00,10,0,0.27221283
train_a,461 days 17:00:00,8,0,0.1377619
train_a,461 days 18:00:00,8,0,0.015431825
train_a,461 days 19:00:00,6,0,0.014982631
train_a,461 days 20:00:00,8,0,0.019452237
train_a,461 days 21:00:00,7,0,0.006571237
train_a,461 days 22:00:00,6,0,0.00727953
train_a,461 days 23:00:00,6,0,0.047481924
train_a,462 days 00:00:00,10,0,0.028809179
train_a,462 days 01:00:00,8,0,0.041797355
train_a,462 days 02:00:00,4,0,0.036132287
train_a,462 days 03:00:00,5,0,0.016457235
train_a,462 days 04:00:00,8,0,0.0053302357
train_a,462 days 05:00:00,13,0,0.01602056
train_a,462 days 06:00:00,28,0,0.004193354
train_a,462 days 07:00:00,24,0,0.0061307023
train_a,462 days 08:00:00,24,0,0.012642068
train_a,462 days 09:00:00,23,0,0.010300884
train_a,462 days 10:00:00,25,0,0.016279377
train_a,462 days 11:00:00,24,0,0.015801616
train_a,462 days 12:00:00,23,0,0.007864509
train_a,462 days 13:00:00,24,0,0.0076830327
train_a,462 days 14:00:00,23,0,0.0052090613
train_a,462 days 15:00:00,25,0,0.008863472
train_a,462 days 16:00:00,28,0,0.056707088
train_a,462 days 17:00:00,37,0,0.025806438
train_a,462 days 18:00:00,39,0,0.020909904
train_a,462 days 19:00:00,36,0,0.012503428
train_a,462 days 20:00:00,28,0,0.017160568
train_a,462 days 21:00:00,23,0,0.023299973
train_a,462 days 22:00:00,16,0,0.12862442
train_a,462 days 23:00:00,3,0,0.041382674
train_a,463 days 00:00:00,7,0,0.12882
train_a,463 days 01:00:00,-7,0,0.022610502
train_a,463 days 02:00:00,-18,0,0.18279356
train_a,463 days 03:00:00,-14,0,0.10121958
train_a,463 days 04:00:00,-5,0,0.03369514
train_a,463 days 05:00:00,-16,0,0.13346323
train_a,463 days 06:00:00,-8,0,0.17393175
train_a,463 days 07:00:00,-10,0,0.045688476
train_a,463 days 08:00:00,-20,0,0.48122135
train_a,463 days 09:00:00,-24,0,0.3332173
train_a,463 days 10:00:00,-22,0,0.24340597
train_a,463 days 11:00:00,-21,0,0.28634584
train_a,463 days 12:00:00,-18,1,0.5847141
train_a,463 days 13:00:00,-22,0,0.40447602
train_a,463 days 14:00:00,-26,0,0.24223104
train_a,463 days 15:00:00,-22,1,0.57903266
train_a,463 days 16:00:00,-18,0,0.081568554
train_a,463 days 17:00:00,-16,0,0.08358782
train_a,463 days 18:00:00,-13,0,0.06601424
train_a,463 days 19:00:00,-11,0,0.03855935
train_a,463 days 20:00:00,-12,0,0.045359634
train_a,463 days 21:00:00,-12,0,0.027554806
train_a,463 days 22:00:00,-13,0,0.07440906
train_a,463 days 23:00:00,-13,0,0.0061127758
train_a,464 days 00:00:00,-16,0,0.0056825355
train_a,464 days 01:00:00,-19,0,0.011149023
train_a,464 days 02:00:00,-17,0,0.014634636
train_a,464 days 03:00:00,-14,0,0.018254738
train_a,464 days 04:00:00,-11,0,0.053143356
train_a,464 days 05:00:00,-9,0,0.0058197444
train_a,464 days 06:00:00,-5,0,0.0054306504
train_a,464 days 07:00:00,-3,0,0.014765909
train_a,464 days 08:00:00,-1,0,0.008391334
train_a,464 days 09:00:00,1,0,0.008651098
train_a,464 days 10:00:00,5,0,0.00939614
train_a,464 days 11:00:00,5,0,0.016705878
train_a,464 days 12:00:00,2,0,0.0055639143
train_a,464 days 13:00:00,-1,0,0.014483618
train_a,464 days 14:00:00,-3,0,0.005338476
train_a,464 days 15:00:00,-2,0,0.019045932
train_a,464 days 16:00:00,1,0,0.0027954252
train_a,464 days 17:00:00,4,0,0.004484315
train_a,464 days 18:00:00,5,0,0.0047408105
train_a,464 days 19:00:00,9,0,0.0017331154
train_a,464 days 20:00:00,7,0,0.0023668874
train_a,464 days 21:00:00,2,0,0.00451742
train_a,464 days 22:00:00,2,0,0.024901628
train_a,464 days 23:00:00,3,0,0.09046968
train_a,465 days 00:00:00,-2,0,0.008610878
train_a,465 days 01:00:00,-6,0,0.019682068
train_a,465 days 02:00:00,-7,0,0.04906242
train_a,465 days 03:00:00,-6,0,0.022720225
train_a,465 days 04:00:00,-1,0,0.020167436
train_a,465 days 05:00:00,1,0,0.021379108
train_a,465 days 06:00:00,1,0,0.024635673
train_a,465 days 07:00:00,3,0,0.01865162
train_a,465 days 08:00:00,7,0,0.029405395
train_a,465 days 09:00:00,8,0,0.056316346
train_a,465 days 14:00:00,4,0,0.0645552
train_a,465 days 15:00:00,8,0,0.004302653
train_a,465 days 16:00:00,11,0,0.009341066
train_a,465 days 17:00:00,11,0,0.011577221
train_a,465 days 18:00:00,12,0,0.008298537
train_a,465 days 19:00:00,11,0,0.005402978
train_a,465 days 20:00:00,8,0,0.02954774
train_a,465 days 21:00:00,4,0,0.006328898
train_a,465 days 22:00:00,2,0,0.0038871143
train_a,465 days 23:00:00,-4,0,0.004368832
train_a,466 days 00:00:00,-8,0,0.003781087
train_a,466 days 01:00:00,-5,0,0.01484921
train_a,466 days 02:00:00,-3,0,0.017063703
train_a,466 days 03:00:00,-6,0,0.01927647
train_a,466 days 04:00:00,-10,0,0.021881318
train_a,466 days 05:00:00,-11,0,0.016792819
train_a,466 days 06:00:00,-9,0,0.0051707593
train_a,466 days 07:00:00,-8,0,0.0024387955
train_a,466 days 08:00:00,-2,0,0.0053054243
train_a,466 days 09:00:00,-1,0,0.0058922777
train_a,466 days 10:00:00,1,0,0.006207761
train_a,466 days 11:00:00,1,0,0.007034055
train_a,466 days 12:00:00,3,0,0.0049742744
train_a,466 days 13:00:00,2,0,0.0033435472
train_a,466 days 14:00:00,0,0,0.0017926592
train_a,466 days 15:00:00,-1,0,0.010467456
train_a,466 days 16:00:00,0,0,0.0065801516
train_a,466 days 17:00:00,2,0,0.0039635105
train_a,466 days 18:00:00,1,0,0.002789913
train_a,466 days 19:00:00,2,0,0.0029189123
train_a,466 days 20:00:00,-1,0,0.0023187483
train_a,466 days 21:00:00,-5,0,0.033077095
train_a,466 days 22:00:00,-10,0,0.044053826
train_a,466 days 23:00:00,-5,0,0.03644926
train_a,467 days 00:00:00,3,0,0.031034093
train_a,467 days 01:00:00,6,0,0.0055305916
train_a,467 days 02:00:00,2,0,0.0048917173
train_a,467 days 03:00:00,1,0,0.0014864093
train_a,467 days 04:00:00,2,0,0.0017977202
train_a,467 days 05:00:00,6,0,0.002562434
train_a,467 days 06:00:00,8,0,0.0044085914
train_a,467 days 07:00:00,10,0,0.019988224
train_a,467 days 08:00:00,11,0,0.04693349
train_a,467 days 09:00:00,11,0,0.060787253
train_a,467 days 10:00:00,14,0,0.02014195
train_a,467 days 11:00:00,17,0,0.012104736
train_a,467 days 12:00:00,17,0,0.02534884
train_a,467 days 13:00:00,15,0,0.008558371
train_a,467 days 14:00:00,14,0,0.0033938403
train_a,467 days 15:00:00,13,0,0.002919777
train_a,467 days 16:00:00,9,0,0.0041157985
train_a,467 days 17:00:00,8,0,0.009645638
train_a,467 days 18:00:00,8,0,0.010517378
train_a,467 days 19:00:00,11,0,0.010037035
train_a,467 days 20:00:00,15,0,0.0037295388
train_a,467 days 21:00:00,13,0,0.005830968
train_a,467 days 22:00:00,10,0,0.0026538367
train_a,467 days 23:00:00,8,0,0.0021283843
train_a,468 days 00:00:00,9,0,0.0013648447
train_a,468 days 01:00:00,13,0,0.002807506
train_a,468 days 02:00:00,15,0,0.002109491
train_a,468 days 03:00:00,14,0,0.008381075
train_a,468 days 04:00:00,13,0,0.0022966212
train_a,468 days 05:00:00,13,0,0.0018455137
train_a,468 days 06:00:00,14,0,0.0023472188
train_a,468 days 07:00:00,13,0,0.003797889
train_a,468 days 08:00:00,14,0,0.0016319869
train_a,468 days 09:00:00,15,0,0.003617852
train_a,468 days 10:00:00,18,0,0.0031930765
train_a,468 days 11:00:00,20,0,0.0027731485
train_a,468 days 12:00:00,19,0,0.0014459568
train_a,468 days 13:00:00,18,0,0.002121191
train_a,468 days 14:00:00,10,0,0.005133013
train_a,468 days 15:00:00,7,0,0.0070413193
train_a,468 days 16:00:00,8,0,0.03016195
train_a,468 days 17:00:00,9,0,0.024187366
train_a,468 days 18:00:00,10,0,0.03435525
train_a,468 days 19:00:00,9,0,0.03327374
train_a,468 days 20:00:00,6,0,0.005984033
train_a,468 days 21:00:00,4,0,0.0018235676
train_a,468 days 22:00:00,5,0,0.0024575687
train_a,468 days 23:00:00,6,0,0.0030021556
train_a,469 days 00:00:00,1,0,0.0017045374
train_a,469 days 01:00:00,-3,0,0.0013277441
train_a,469 days 02:00:00,-6,0,0.0022354033
train_a,469 days 03:00:00,-4,0,0.0016578875
train_a,469 days 04:00:00,-4,0,0.0009847418
train_a,469 days 05:00:00,0,0,0.0014179365
train_a,469 days 06:00:00,3,0,0.0016562452
train_a,469 days 07:00:00,5,0,0.0017330123
train_a,469 days 08:00:00,6,0,0.0031513718
train_a,469 days 09:00:00,7,0,0.008147758
train_a,469 days 10:00:00,6,0,0.005433938
train_a,469 days 11:00:00,3,0,0.0041035386
train_a,469 days 12:00:00,3,0,0.0009734918
train_a,469 days 13:00:00,5,0,0.0006482753
train_a,469 days 14:00:00,6,0,0.00064109155
train_a,469 days 15:00:00,7,0,0.0010842042
train_a,469 days 16:00:00,7,0,0.0009285432
train_a,469 days 17:00:00,10,0,0.0018634445
train_a,469 days 18:00:00,11,0,0.0009243006
train_a,469 days 19:00:00,10,0,0.0061737974
train_a,469 days 20:00:00,10,0,0.0026908887
train_a,469 days 21:00:00,11,0,0.00914059
train_a,469 days 22:00:00,8,0,0.01167645
train_a,469 days 23:00:00,2,0,0.013203877
train_a,470 days 00:00:00,1,0,0.014733243
train_a,470 days 01:00:00,0,0,0.005353689
train_a,470 days 02:00:00,-2,0,0.0036087963
train_a,470 days 03:00:00,-4,0,0.0042122346
train_a,470 days 04:00:00,-2,0,0.0020908716
train_a,470 days 05:00:00,3,0,0.009071774
train_a,470 days 06:00:00,7,0,0.0014017472
train_a,470 days 07:00:00,11,0,0.0045693293
train_a,470 days 08:00:00,13,0,0.0022823405
train_a,470 days 09:00:00,14,0,0.0021429872
train_a,470 days 10:00:00,18,0,0.001009534
train_a,470 days 11:00:00,19,0,0.0008873275
train_a,470 days 12:00:00,21,0,0.0017443157
train_a,470 days 13:00:00,23,0,0.0017402207
train_a,470 days 14:00:00,27,0,0.0034648685
train_a,470 days 15:00:00,30,0,0.0022124029
train_a,470 days 16:00:00,32,0,0.0024214943
train_a,470 days 17:00:00,37,0,0.0010982648
train_a,470 days 18:00:00,30,0,0.0021977706
train_a,470 days 19:00:00,28,0,0.0013087915
train_a,470 days 20:00:00,25,0,0.0014568162
train_a,470 days 21:00:00,22,0,0.0012775784
train_a,470 days 22:00:00,19,0,0.0009813205
train_a,470 days 23:00:00,10,0,0.004402175
train_a,471 days 00:00:00,1,0,0.003947199
train_a,471 days 01:00:00,1,0,0.0007664319
train_a,471 days 02:00:00,4,0,0.003265023
train_a,471 days 03:00:00,3,0,0.003934366
train_a,471 days 04:00:00,3,0,0.014508297
train_a,471 days 05:00:00,2,0,0.008768397
train_a,471 days 06:00:00,6,0,0.0012800694
train_a,471 days 07:00:00,8,0,0.0014360107
train_a,471 days 08:00:00,5,0,0.008844884
train_a,471 days 09:00:00,3,0,0.010459266
train_a,471 days 10:00:00,5,0,0.0024063291
train_a,471 days 11:00:00,9,0,0.0025097402
train_a,471 days 12:00:00,6,0,0.002238378
train_a,471 days 13:00:00,3,0,0.0018416037
train_a,471 days 14:00:00,5,0,0.0009547289
train_a,471 days 15:00:00,10,0,0.0038790263
train_a,471 days 16:00:00,14,0,0.0046738368
train_a,471 days 17:00:00,19,0,0.0030335996
train_a,471 days 18:00:00,19,0,0.0034299102
train_a,471 days 19:00:00,23,0,0.008662438
train_a,471 days 20:00:00,21,0,0.0023830237
train_a,471 days 21:00:00,21,0,0.024670556
train_a,471 days 22:00:00,12,0,0.020121796
train_a,471 days 23:00:00,8,0,0.110682614
train_a,472 days 00:00:00,-1,0,0.07789724
train_a,472 days 01:00:00,0,0,0.19724405
train_a,472 days 02:00:00,-2,0,0.1649778
train_a,472 days 03:00:00,-6,0,0.085016534
train_a,472 days 04:00:00,-4,0,0.1005435
train_a,472 days 05:00:00,0,0,0.019086063
train_a,472 days 06:00:00,5,0,0.03173531
train_a,472 days 07:00:00,13,0,0.08762403
train_a,472 days 08:00:00,14,0,0.07123782
train_a,472 days 09:00:00,18,0,0.107326046
train_a,472 days 10:00:00,18,0,0.1005302
train_a,472 days 11:00:00,15,0,0.017140612
train_a,472 days 12:00:00,15,0,0.045087826
train_a,472 days 13:00:00,17,0,0.062490918
train_a,472 days 14:00:00,23,0,0.03139681
train_a,472 days 15:00:00,21,0,0.053872436
train_a,472 days 16:00:00,25,0,0.12220763
train_a,472 days 17:00:00,32,0,0.010503532
train_a,472 days 18:00:00,33,0,0.0062110387
train_a,472 days 19:00:00,32,0,0.0056940867
train_a,472 days 20:00:00,28,0,0.008432612
train_a,472 days 21:00:00,19,0,0.0107099125
train_a,472 days 22:00:00,19,0,0.007862552
train_a,472 days 23:00:00,17,0,0.0045744115
train_a,473 days 00:00:00,17,0,0.0061612204
train_a,473 days 01:00:00,15,0,0.0064924606
train_a,473 days 02:00:00,14,0,0.0069764364
train_a,473 days 03:00:00,10,0,0.0069662035
train_a,473 days 04:00:00,3,0,0.095469385
train_a,473 days 05:00:00,1,0,0.023299063
train_a,473 days 06:00:00,4,0,0.032573346
train_a,473 days 07:00:00,6,0,0.04854995
train_a,473 days 08:00:00,5,0,0.011309589
train_a,473 days 09:00:00,10,0,0.020978222
train_a,473 days 10:00:00,13,0,0.026337702
train_a,473 days 11:00:00,12,0,0.028989011
train_a,473 days 12:00:00,6,0,0.02682455
train_a,473 days 13:00:00,7,0,0.03282825
train_a,473 days 14:00:00,10,0,0.032529876
train_a,473 days 15:00:00,11,0,0.010670058
train_a,473 days 16:00:00,14,0,0.022624841
train_a,473 days 17:00:00,15,0,0.012867599
train_a,473 days 18:00:00,13,0,0.0026187506
train_a,473 days 19:00:00,10,0,0.00230702
train_a,473 days 20:00:00,10,0,0.0019803133
train_a,473 days 21:00:00,7,0,0.013702315
train_a,473 days 22:00:00,7,0,0.0101121245
train_a,473 days 23:00:00,12,0,0.007635613
train_a,474 days 00:00:00,12,0,0.014464844
train_a,474 days 01:00:00,10,0,0.03252964
train_a,474 days 02:00:00,11,0,0.011408423
train_a,474 days 03:00:00,7,0,0.01821255
train_a,474 days 04:00:00,7,0,0.021100717
train_a,474 days 05:00:00,7,0,0.018793846
train_a,474 days 06:00:00,11,0,0.007260581
train_a,474 days 07:00:00,14,0,0.009041177
train_a,474 days 08:00:00,16,0,0.008476193
train_a,474 days 09:00:00,17,0,0.0045905462
train_a,474 days 10:00:00,17,0,0.012120985
train_a,474 days 11:00:00,15,0,0.016303426
train_a,474 days 12:00:00,12,0,0.0069954665
train_a,474 days 13:00:00,12,0,0.01128967
train_a,474 days 14:00:00,12,0,0.011044319
train_a,474 days 15:00:00,14,0,0.0125374505
train_a,474 days 16:00:00,14,0,0.012880324
train_a,474 days 17:00:00,14,0,0.0103596905
train_a,474 days 18:00:00,15,0,0.008352452
train_a,474 days 19:00:00,12,0,0.005929976
train_a,474 days 20:00:00,10,0,0.015468816
train_a,474 days 21:00:00,5,0,0.018099237
train_a,474 days 22:00:00,6,0,0.021714857
train_a,474 days 23:00:00,9,0,0.030011836
train_a,475 days 00:00:00,8,0,0.008978086
train_a,475 days 01:00:00,8,0,0.010660615
train_a,475 days 02:00:00,7,0,0.008930689
train_a,475 days 03:00:00,5,0,0.0069386316
train_a,475 days 04:00:00,5,0,0.0020282846
train_a,475 days 05:00:00,8,0,0.0013855605
train_a,475 days 06:00:00,8,0,0.0025834795
train_a,475 days 07:00:00,8,0,0.0022988105
train_a,475 days 08:00:00,8,0,0.00089231797
train_a,475 days 09:00:00,10,0,0.017055074
train_a,475 days 10:00:00,18,0,0.0020065361
train_a,475 days 11:00:00,19,0,0.0023623428
train_a,475 days 12:00:00,18,0,0.0019838372
train_a,475 days 13:00:00,17,0,0.0072649303
train_a,475 days 14:00:00,18,0,0.0044926885
train_a,475 days 15:00:00,20,0,0.0014562786
train_a,475 days 16:00:00,19,0,0.0017599049
train_a,475 days 17:00:00,20,0,0.0009687966
train_a,475 days 18:00:00,23,0,0.0008082168
train_a,475 days 19:00:00,21,0,0.0006307711
train_a,475 days 20:00:00,22,0,0.0007063622
train_a,475 days 21:00:00,22,0,0.0007821122
train_a,475 days 22:00:00,19,0,0.0005268483
train_a,475 days 23:00:00,18,0,0.0004693363
train_a,476 days 00:00:00,17,0,0.00052126375
train_a,476 days 01:00:00,16,0,0.00039648166
train_a,476 days 02:00:00,16,0,0.002592985
train_a,476 days 03:00:00,15,0,0.0009841064
train_a,476 days 04:00:00,13,0,0.0017482068
train_a,476 days 05:00:00,12,0,0.0011172397
train_a,476 days 06:00:00,14,0,0.00045665904
train_a,476 days 07:00:00,13,0,0.0006686676
train_a,476 days 08:00:00,15,0,0.0010697931
train_a,476 days 09:00:00,18,0,0.002877914
train_a,476 days 10:00:00,20,0,0.0006969177
train_a,476 days 11:00:00,17,0,0.0008690605
train_a,476 days 12:00:00,15,0,0.0014888686
train_a,476 days 13:00:00,15,0,0.003540274
train_a,476 days 14:00:00,19,0,0.002215951
train_a,476 days 15:00:00,21,0,0.0021480098
train_a,476 days 16:00:00,25,0,0.001950111
train_a,476 days 17:00:00,29,0,0.000801236
train_a,476 days 18:00:00,31,0,0.0021276728
train_a,476 days 19:00:00,27,0,0.0018180618
train_a,476 days 20:00:00,24,0,0.0010642359
train_a,476 days 21:00:00,14,0,0.012703569
train_a,476 days 22:00:00,7,0,0.0022561045
train_a,476 days 23:00:00,10,0,0.0018881804
train_a,477 days 00:00:00,17,0,0.001813627
train_a,477 days 01:00:00,24,0,0.0025337432
train_a,477 days 02:00:00,23,0,0.0013708319
train_a,477 days 03:00:00,18,0,0.004175039
train_a,477 days 04:00:00,14,0,0.004287188
train_a,477 days 05:00:00,7,0,0.0056384346
train_a,477 days 06:00:00,11,0,0.0064560254
train_a,477 days 07:00:00,16,0,0.08380052
train_a,477 days 08:00:00,15,0,0.10608452
train_a,477 days 09:00:00,23,0,0.02386056
train_a,477 days 10:00:00,25,0,0.005529031
train_a,477 days 11:00:00,24,0,0.0053024357
train_a,477 days 12:00:00,25,0,0.002370535
train_a,477 days 13:00:00,26,0,0.0022275036
train_a,477 days 14:00:00,20,0,0.0086849965
train_a,477 days 15:00:00,14,0,0.048502848
train_a,477 days 16:00:00,4,0,0.07682902
train_a,477 days 17:00:00,3,0,0.032573115
train_a,477 days 18:00:00,1,0,0.13476777
train_a,477 days 19:00:00,2,0,0.30064744
train_a,477 days 20:00:00,3,0,0.43452278
train_a,477 days 21:00:00,-8,0,0.3716414
train_a,477 days 22:00:00,-8,0,0.313894
train_a,477 days 23:00:00,-4,0,0.2895736
train_a,478 days 00:00:00,4,1,0.5100943
train_a,478 days 01:00:00,5,0,0.30904287
train_a,478 days 02:00:00,-4,1,0.6385664
train_a,478 days 03:00:00,-16,1,0.5477737
train_a,478 days 04:00:00,-18,1,0.71362084
train_a,478 days 05:00:00,-12,0,0.3770959
train_a,478 days 06:00:00,-6,0,0.1221127
train_a,478 days 07:00:00,-3,0,0.093896426
train_a,478 days 08:00:00,-2,0,0.022220008
train_a,478 days 09:00:00,0,0,0.056214903
train_a,478 days 10:00:00,-1,0,0.10572093
train_a,478 days 11:00:00,-5,0,0.11115503
train_a,478 days 12:00:00,-6,0,0.07702929
train_a,478 days 13:00:00,-7,0,0.1010948
train_a,478 days 14:00:00,-5,0,0.08341995
train_a,478 days 15:00:00,-8,0,0.07667139
train_a,478 days 16:00:00,-3,0,0.12786569
train_a,478 days 17:00:00,0,0,0.10838685
train_a,478 days 18:00:00,3,0,0.08561229
train_a,478 days 19:00:00,5,0,0.0368481
train_a,478 days 20:00:00,-1,0,0.010740375
train_a,478 days 21:00:00,-3,0,0.009922332
train_a,478 days 22:00:00,-7,0,0.10062
train_a,478 days 23:00:00,-4,0,0.217425
train_a,479 days 00:00:00,-2,0,0.11392462
train_a,479 days 01:00:00,-1,0,0.037087694
train_a,479 days 02:00:00,0,0,0.019193502
train_a,479 days 03:00:00,-5,0,0.03780086
train_a,479 days 04:00:00,-6,0,0.021037348
train_a,479 days 05:00:00,-5,0,0.035569277
train_a,479 days 06:00:00,-2,0,0.011919941
train_a,479 days 07:00:00,2,0,0.0043823887
train_a,479 days 08:00:00,1,0,0.0011266769
train_a,479 days 09:00:00,1,0,0.0013831484
train_a,479 days 10:00:00,0,0,0.0020814221
train_a,479 days 11:00:00,-5,0,0.0015969169
train_a,479 days 12:00:00,-7,0,0.0014066497
train_a,479 days 13:00:00,-8,0,0.0010693397
train_a,479 days 14:00:00,-6,0,0.001773795
train_a,479 days 15:00:00,-6,0,0.022010738
train_a,479 days 16:00:00,-6,0,0.0008503088
train_a,479 days 17:00:00,-4,0,0.00250396
train_a,479 days 18:00:00,0,0,0.00056828687
train_a,479 days 19:00:00,-1,0,0.0014624322
train_a,479 days 20:00:00,-2,0,0.00095556263
train_a,479 days 21:00:00,-3,0,0.0011925068
train_a,479 days 22:00:00,-2,0,0.0029593727
train_a,479 days 23:00:00,-2,0,0.0064058756
train_a,480 days 00:00:00,-1,0,0.0015823586
train_a,480 days 01:00:00,4,0,0.006560025
train_a,480 days 02:00:00,5,0,0.0024598073
train_a,480 days 03:00:00,4,0,0.0017824288
train_a,480 days 04:00:00,3,0,0.009428462
train_a,480 days 05:00:00,3,0,0.0050230585
train_a,480 days 06:00:00,4,0,0.0023576983
train_a,480 days 07:00:00,3,0,0.001507371
train_a,480 days 08:00:00,8,0,0.00028751505
train_a,480 days 09:00:00,11,0,0.0011734656
train_a,480 days 10:00:00,7,0,0.0011076328
train_a,480 days 11:00:00,0,0,0.0034062103
train_a,480 days 12:00:00,-3,0,0.001036497
train_a,480 days 13:00:00,0,0,0.004104246
train_a,480 days 14:00:00,0,0,0.0040522916
train_a,480 days 15:00:00,-2,0,0.006773744
train_a,480 days 16:00:00,-5,0,0.0011290051
train_a,480 days 17:00:00,-4,0,0.0012655696
train_a,480 days 18:00:00,-4,0,0.007433191
train_a,480 days 19:00:00,-5,0,0.0055563315
train_a,480 days 20:00:00,-9,0,0.025104364
train_a,480 days 21:00:00,-13,0,0.038472217
train_a,480 days 22:00:00,-14,0,0.03957494
train_a,480 days 23:00:00,-11,0,0.09453464
train_a,481 days 00:00:00,-2,0,0.029454574
train_a,481 days 01:00:00,2,0,0.023363208
train_a,481 days 02:00:00,1,0,0.043793682
train_a,481 days 03:00:00,0,0,0.061244305
train_a,481 days 04:00:00,-6,0,0.026878059
train_a,481 days 05:00:00,-5,0,0.0063021546
train_a,481 days 06:00:00,-2,0,0.0030995614
train_a,481 days 07:00:00,1,0,0.0034013595
train_a,481 days 08:00:00,5,0,0.0028113478
train_a,481 days 09:00:00,7,0,0.0006623236
train_a,481 days 10:00:00,5,0,0.00071692414
train_a,481 days 11:00:00,1,0,0.0012437595
train_a,481 days 12:00:00,-2,0,0.0016525437
train_a,481 days 13:00:00,-6,0,0.0007204682
train_a,481 days 14:00:00,-6,0,0.0036934074
train_a,481 days 15:00:00,-7,0,0.003824789
train_a,481 days 16:00:00,-9,0,0.006120423
train_a,481 days 17:00:00,-6,0,0.03595727
train_a,481 days 18:00:00,-3,0,0.020911183
train_a,481 days 19:00:00,-4,0,0.004905059
train_a,481 days 20:00:00,-3,0,0.0037365295
train_a,481 days 21:00:00,-5,0,0.002929072
train_a,481 days 22:00:00,-6,0,0.0037464313
train_a,481 days 23:00:00,-4,0,0.0021038845
train_a,482 days 00:00:00,-2,0,0.0066076727
train_a,482 days 01:00:00,-2,0,0.0038330387
train_a,482 days 02:00:00,-7,0,0.0026521145
train_a,482 days 03:00:00,-9,0,0.004129528
train_a,482 days 04:00:00,-6,0,0.0031981966
train_a,482 days 05:00:00,-6,0,0.0043735635
train_a,482 days 06:00:00,-5,0,0.0021436021
train_a,482 days 07:00:00,0,0,0.0014529534
train_a,482 days 08:00:00,5,0,0.0019023464
train_a,482 days 09:00:00,6,0,0.0005748653
train_a,482 days 10:00:00,6,0,0.00051785755
train_a,482 days 11:00:00,4,0,0.00045101476
train_a,482 days 12:00:00,3,0,0.0009547649
train_a,482 days 13:00:00,5,0,0.0006625762
train_a,482 days 14:00:00,5,0,0.00081834453
train_a,482 days 15:00:00,5,0,0.0024867118
train_a,482 days 16:00:00,6,0,0.00076993986
train_a,482 days 17:00:00,9,0,0.0006653601
train_a,482 days 18:00:00,8,0,0.0008883926
train_a,482 days 19:00:00,7,0,0.0016012624
train_a,482 days 20:00:00,4,0,0.0017347472
train_a,482 days 21:00:00,1,0,0.0041308734
train_a,482 days 22:00:00,3,0,0.0010865363
train_a,482 days 23:00:00,6,0,0.0014680268
train_a,483 days 00:00:00,6,0,0.0015968075
train_a,483 days 01:00:00,4,0,0.0009902008
train_a,483 days 02:00:00,4,0,0.001145223
train_a,483 days 03:00:00,5,0,0.0016300334
train_a,483 days 04:00:00,6,0,0.0012653171
train_a,483 days 05:00:00,6,0,0.0011582567
train_a,483 days 06:00:00,7,0,0.0010392858
train_a,483 days 07:00:00,7,0,0.0015651137
train_a,483 days 08:00:00,7,0,0.0017535423
train_a,483 days 09:00:00,9,0,0.0009981822
train_a,483 days 10:00:00,7,0,0.0015616608
train_a,483 days 11:00:00,4,0,0.0023348583
train_a,483 days 12:00:00,3,0,0.0023969372
train_a,483 days 13:00:00,5,0,0.0016773423
train_a,483 days 14:00:00,8,0,0.0010383135
train_a,483 days 15:00:00,9,0,0.0012790455
train_a,483 days 16:00:00,9,0,0.0007337522
train_a,483 days 17:00:00,12,0,0.00053904275
train_a,483 days 18:00:00,13,0,0.0005866712
train_a,483 days 19:00:00,13,0,0.00056559016
train_a,483 days 20:00:00,11,0,0.0013137833
train_a,483 days 21:00:00,5,0,0.0009882527
train_a,483 days 22:00:00,5,0,0.0013425869
train_a,483 days 23:00:00,8,0,0.0012170167
train_a,484 days 00:00:00,10,0,0.001225501
train_a,484 days 01:00:00,10,0,0.000984437
train_a,484 days 02:00:00,10,0,0.0012431814
train_a,484 days 03:00:00,9,0,0.00082078576
train_a,484 days 04:00:00,9,0,0.0020023421
train_a,484 days 05:00:00,10,0,0.00076047896
train_a,484 days 06:00:00,15,0,0.0009375732
train_a,484 days 07:00:00,17,0,0.00038472682
train_a,484 days 08:00:00,21,0,0.0005447286
train_a,484 days 09:00:00,22,0,0.00083973986
train_a,484 days 10:00:00,20,0,0.0010856723
train_a,484 days 11:00:00,15,0,0.0010947494
train_a,484 days 12:00:00,18,0,0.0017244853
train_a,484 days 13:00:00,28,0,0.0035691808
train_a,484 days 14:00:00,26,0,0.0018844386
train_a,484 days 15:00:00,23,0,0.0022186402
train_a,484 days 16:00:00,26,0,0.0065142545
train_a,484 days 17:00:00,23,0,0.0034952362
train_a,484 days 18:00:00,29,0,0.0018493183
train_a,484 days 19:00:00,32,0,0.0027011158
train_a,484 days 20:00:00,28,0,0.0020823157
train_a,484 days 21:00:00,21,0,0.0042233737
train_a,484 days 22:00:00,21,0,0.0037824141
train_a,484 days 23:00:00,21,0,0.0028315252
train_a,485 days 00:00:00,24,0,0.0015190323
train_a,485 days 01:00:00,24,0,0.0014043152
train_a,485 days 02:00:00,23,0,0.0025156264
train_a,485 days 03:00:00,20,0,0.0016802481
train_a,485 days 04:00:00,18,0,0.0017598815
train_a,485 days 05:00:00,20,0,0.0016980424
train_a,485 days 06:00:00,19,0,0.0034793
train_a,485 days 07:00:00,12,0,0.001978987
train_a,485 days 08:00:00,14,0,0.00470835
train_a,485 days 09:00:00,17,0,0.0013790388
train_a,485 days 10:00:00,15,0,0.0022175605
train_a,485 days 11:00:00,13,0,0.0034459548
train_a,485 days 12:00:00,13,0,0.0014421963
train_a,485 days 13:00:00,14,0,0.012287527
train_a,485 days 14:00:00,17,0,0.0030913271
train_a,485 days 15:00:00,20,0,0.0057870983
train_a,485 days 16:00:00,21,0,0.005853189
train_a,485 days 17:00:00,22,0,0.004197862
train_a,485 days 18:00:00,24,0,0.002935108
train_a,485 days 19:00:00,21,0,0.0014696801
train_a,485 days 20:00:00,18,0,0.0032667397
train_a,485 days 21:00:00,16,0,0.0024581756
train_a,485 days 22:00:00,14,0,0.0036522713
train_a,485 days 23:00:00,12,0,0.0026497708
train_a,486 days 00:00:00,14,0,0.0017815229
train_a,486 days 01:00:00,15,0,0.0026650766
train_a,486 days 02:00:00,8,0,0.009779895
train_a,486 days 03:00:00,8,0,0.0018145017
train_a,486 days 04:00:00,10,0,0.0020378695
train_a,486 days 05:00:00,15,0,0.023204839
train_a,486 days 06:00:00,10,0,0.0048767366
train_a,486 days 07:00:00,9,0,0.0016388875
train_a,486 days 08:00:00,12,0,0.0032219116
train_a,486 days 09:00:00,14,0,0.0029408182
train_a,486 days 10:00:00,13,0,0.0063144276
train_a,486 days 11:00:00,11,0,0.0034104963
train_a,486 days 12:00:00,12,0,0.0056733876
train_a,486 days 13:00:00,13,0,0.0039480724
train_a,486 days 14:00:00,17,0,0.0030789683
train_a,486 days 15:00:00,17,0,0.0031358316
train_a,486 days 16:00:00,17,0,0.009820509
train_a,486 days 17:00:00,22,0,0.0119040795
train_a,486 days 18:00:00,23,0,0.005637464
train_a,486 days 19:00:00,28,0,0.0041856314
train_a,486 days 20:00:00,26,0,0.0053843684
train_a,486 days 21:00:00,18,0,0.0050964733
train_a,486 days 22:00:00,15,0,0.0036577205
train_a,486 days 23:00:00,13,0,0.0034597996
train_a,487 days 00:00:00,13,0,0.0037019956
train_a,487 days 01:00:00,12,0,0.0022616596
train_a,487 days 02:00:00,12,0,0.0018065848
train_a,487 days 03:00:00,12,0,0.004384757
train_a,487 days 04:00:00,11,0,0.006085763
train_a,487 days 05:00:00,12,0,0.0027947952
train_a,487 days 06:00:00,10,0,0.0076066502
train_a,487 days 07:00:00,12,0,0.008434082
train_a,487 days 08:00:00,12,0,0.0063037705
train_a,487 days 09:00:00,13,0,0.018967463
train_a,487 days 10:00:00,14,0,0.0030703596
train_a,487 days 11:00:00,16,0,0.0028650844
train_a,487 days 12:00:00,18,0,0.0018970664
train_a,487 days 13:00:00,18,0,0.004041771
train_a,487 days 14:00:00,20,0,0.0038125268
train_a,487 days 15:00:00,22,0,0.0024842634
train_a,487 days 16:00:00,23,0,0.0023531746
train_a,487 days 17:00:00,26,0,0.004124993
train_a,487 days 18:00:00,26,0,0.0015515094
train_a,487 days 19:00:00,22,0,0.0023683244
train_a,487 days 20:00:00,15,0,0.007383408
train_a,487 days 21:00:00,9,0,0.0037237671
train_a,487 days 22:00:00,8,0,0.0106079625
train_a,487 days 23:00:00,5,0,0.0075225616
train_a,488 days 00:00:00,9,0,0.004760506
train_a,488 days 01:00:00,13,0,0.002451325
train_a,488 days 02:00:00,13,0,0.002509102
train_a,488 days 03:00:00,11,0,0.001961542
train_a,488 days 04:00:00,8,0,0.004368137
train_a,488 days 05:00:00,5,0,0.0040951036
train_a,488 days 06:00:00,7,0,0.0033677807
train_a,488 days 07:00:00,12,0,0.0023506093
train_a,488 days 08:00:00,13,0,0.0039026313
train_a,488 days 09:00:00,12,0,0.0027408728
train_a,488 days 10:00:00,13,0,0.001549551
train_a,488 days 11:00:00,12,0,0.0016825788
train_a,488 days 12:00:00,11,0,0.002328724
train_a,488 days 13:00:00,13,0,0.0012200315
train_a,488 days 14:00:00,16,0,0.0018383345
train_a,488 days 15:00:00,15,0,0.001573265
train_a,488 days 16:00:00,14,0,0.003007055
train_a,488 days 17:00:00,14,0,0.0073492867
train_a,488 days 18:00:00,17,0,0.0019585963
train_a,488 days 19:00:00,18,0,0.0025703325
train_a,488 days 20:00:00,18,0,0.0016832198
train_a,488 days 21:00:00,17,0,0.003208404
train_a,488 days 22:00:00,18,0,0.0015570498
train_a,488 days 23:00:00,19,0,0.0013763295
train_a,489 days 00:00:00,18,0,0.0015495968
train_a,489 days 01:00:00,17,0,0.0013041327
train_a,489 days 02:00:00,19,0,0.0016633675
train_a,489 days 03:00:00,18,0,0.0027777425
train_a,489 days 04:00:00,16,0,0.0015994285
train_a,489 days 05:00:00,16,0,0.0019061301
train_a,489 days 06:00:00,17,0,0.0013831181
train_a,489 days 07:00:00,14,0,0.0022698478
train_a,489 days 08:00:00,13,0,0.0004983788
train_a,489 days 09:00:00,13,0,0.003711507
train_a,489 days 10:00:00,15,0,0.0043361606
train_a,489 days 11:00:00,16,0,0.0015829011
train_a,489 days 12:00:00,16,0,0.0021162028
train_a,489 days 13:00:00,14,0,0.004818187
train_a,489 days 14:00:00,13,0,0.0023371943
train_a,489 days 15:00:00,15,0,0.0019514638
train_a,489 days 16:00:00,15,0,0.0009692329
train_a,489 days 17:00:00,15,0,0.0030833257
train_a,489 days 18:00:00,9,0,0.002069547
train_a,489 days 19:00:00,11,0,0.0015033674
train_a,489 days 20:00:00,15,0,0.0013541372
train_a,489 days 21:00:00,14,0,0.0020391936
train_a,489 days 22:00:00,14,0,0.0017415216
train_a,489 days 23:00:00,16,0,0.0011684262
train_a,490 days 00:00:00,17,0,0.0013751999
train_a,490 days 01:00:00,18,0,0.0005610719
train_a,490 days 02:00:00,20,0,0.00041904647
train_a,490 days 03:00:00,24,0,0.0010235348
train_a,490 days 04:00:00,22,0,0.0010677512
train_a,490 days 05:00:00,21,0,0.00093386753
train_a,490 days 06:00:00,20,0,0.00075550895
train_a,490 days 07:00:00,18,0,0.00078717567
train_a,490 days 08:00:00,18,0,0.0003406709
train_a,490 days 09:00:00,17,0,0.0007551102
train_a,490 days 10:00:00,14,0,0.00055256876
train_a,490 days 11:00:00,11,0,0.0010046422
train_a,490 days 12:00:00,13,0,0.0004847853
train_a,490 days 13:00:00,15,0,0.0010478536
train_a,490 days 14:00:00,17,0,0.0010212901
train_a,490 days 15:00:00,15,0,0.0009461693
train_a,490 days 16:00:00,14,0,0.0011547816
train_a,490 days 17:00:00,15,0,0.001096576
train_a,490 days 18:00:00,15,0,0.0009341621
train_a,490 days 19:00:00,16,0,0.0006692529
train_a,490 days 20:00:00,15,0,0.00037045474
train_a,490 days 21:00:00,15,0,0.00076698064
train_a,490 days 22:00:00,18,0,0.00045782843
train_a,490 days 23:00:00,18,0,0.00031868942
train_a,491 days 00:00:00,23,0,0.000487989
train_a,491 days 01:00:00,25,0,0.0003527403
train_a,491 days 02:00:00,26,0,0.00024528292
train_a,491 days 03:00:00,26,0,0.0005820309
train_a,491 days 04:00:00,23,0,0.0006165407
train_a,491 days 05:00:00,20,0,0.0005818005
train_a,491 days 06:00:00,19,0,0.00039123607
train_a,491 days 07:00:00,19,0,0.0015360942
train_a,491 days 08:00:00,19,0,0.0018738991
train_a,491 days 09:00:00,19,0,0.0014544015
train_a,491 days 10:00:00,19,0,0.0014246907
train_a,491 days 11:00:00,19,0,0.0018947943
train_a,491 days 12:00:00,23,0,0.0035952914
train_a,491 days 13:00:00,23,0,0.00247117
train_a,491 days 14:00:00,24,0,0.0028003464
train_a,491 days 15:00:00,24,0,0.0027298203
train_a,491 days 16:00:00,24,0,0.0033844183
train_a,491 days 17:00:00,26,0,0.0022997458
train_a,491 days 18:00:00,22,0,0.00306176
train_a,491 days 19:00:00,23,0,0.0054071974
train_a,491 days 20:00:00,28,0,0.005438202
train_a,491 days 21:00:00,28,0,0.0018210306
train_a,491 days 22:00:00,24,0,0.00088335935
train_a,491 days 23:00:00,23,0,0.0013141725
train_a,492 days 00:00:00,24,0,0.0016695918
train_a,492 days 01:00:00,26,0,0.0022875792
train_a,492 days 02:00:00,26,0,0.0018808615
train_a,492 days 03:00:00,22,0,0.0023510589
train_a,492 days 04:00:00,17,0,0.0022766483
train_a,492 days 05:00:00,17,0,0.002050127
train_a,492 days 06:00:00,17,0,0.0019436994
train_a,492 days 07:00:00,15,0,0.0019635658
train_a,492 days 08:00:00,11,0,0.0022970866
train_a,492 days 09:00:00,8,0,0.0023901262
train_a,492 days 10:00:00,3,0,0.003847868
train_a,492 days 11:00:00,-1,0,0.009175638
train_a,492 days 12:00:00,0,0,0.008949019
train_a,492 days 13:00:00,1,0,0.0045485506
train_a,492 days 14:00:00,5,0,0.005974343
train_a,492 days 15:00:00,7,0,0.019128993
train_a,492 days 16:00:00,5,0,0.008615258
train_a,492 days 17:00:00,3,0,0.0042959764
train_a,492 days 18:00:00,3,0,0.004170773
train_a,492 days 19:00:00,5,0,0.0036062426
train_a,492 days 20:00:00,3,0,0.003237334
train_a,492 days 21:00:00,4,0,0.0056602224
train_a,492 days 22:00:00,6,0,0.0010661498
train_a,492 days 23:00:00,12,0,0.0008563587
train_a,493 days 00:00:00,17,0,0.0010043398
train_a,493 days 01:00:00,15,0,0.003432196
train_a,493 days 02:00:00,13,0,0.0027043703
train_a,493 days 03:00:00,8,0,0.0025411642
train_a,493 days 04:00:00,4,0,0.0028196026
train_a,493 days 05:00:00,7,0,0.0024404167
train_a,493 days 06:00:00,8,0,0.0046161385
train_a,493 days 07:00:00,7,0,0.00515699
train_a,493 days 08:00:00,7,0,0.001189808
train_a,493 days 09:00:00,6,0,0.0009853049
train_a,493 days 10:00:00,6,0,0.0005761088
train_a,493 days 11:00:00,4,0,0.0006621813
train_a,493 days 12:00:00,2,0,0.0014122461
train_a,493 days 13:00:00,5,0,0.0011886463
train_a,493 days 14:00:00,11,0,0.0003516747
train_a,493 days 15:00:00,14,0,0.0009480087
train_a,493 days 16:00:00,13,0,0.0018704793
train_a,493 days 17:00:00,11,0,0.00074594794
train_a,493 days 18:00:00,7,0,0.0008312446
train_a,493 days 19:00:00,2,0,0.00089786923
train_a,493 days 20:00:00,1,0,0.0012924173
train_a,493 days 21:00:00,1,0,0.0005451797
train_a,493 days 22:00:00,3,0,0.0018068677
train_a,493 days 23:00:00,4,0,0.0018420463
train_a,494 days 00:00:00,4,0,0.0010151346
train_a,494 days 01:00:00,9,0,0.00073705055
train_a,494 days 02:00:00,13,0,0.001380525
train_a,494 days 03:00:00,14,0,0.000659274
train_a,494 days 04:00:00,14,0,0.00047318017
train_a,494 days 05:00:00,12,0,0.00065273594
train_a,494 days 06:00:00,12,0,0.0006272628
train_a,494 days 07:00:00,14,0,0.00037258776
train_a,494 days 08:00:00,15,0,0.00052178674
train_a,494 days 09:00:00,14,0,0.00044483214
train_a,494 days 10:00:00,13,0,0.00078094966
train_a,494 days 11:00:00,14,0,0.00066647393
train_a,494 days 12:00:00,15,0,0.0006114723
train_a,494 days 13:00:00,18,0,0.00053290674
train_a,494 days 14:00:00,19,0,0.0006472662
train_a,494 days 15:00:00,19,0,0.0007307101
train_a,494 days 16:00:00,15,0,0.00076814985
train_a,494 days 17:00:00,13,0,0.0009691368
train_a,494 days 18:00:00,10,0,0.00078720227
train_a,494 days 19:00:00,11,0,0.0011848119
train_a,494 days 20:00:00,14,0,0.0008513578
train_a,494 days 21:00:00,18,0,0.00067492854
train_a,494 days 22:00:00,20,0,0.0020162275
train_a,494 days 23:00:00,17,0,0.0016824083
train_a,495 days 00:00:00,17,0,0.0028508771
train_a,495 days 01:00:00,22,0,0.0030250899
train_a,495 days 02:00:00,28,0,0.002359663
train_a,495 days 03:00:00,39,0,0.046450913
train_a,495 days 04:00:00,32,0,0.42361915
train_a,495 days 05:00:00,22,0,0.012692872
train_a,495 days 06:00:00,25,0,0.011580751
train_a,495 days 07:00:00,23,0,0.019240951
train_a,495 days 08:00:00,12,0,0.08262205
train_a,495 days 09:00:00,1,0,0.043268874
train_a,495 days 10:00:00,-9,1,0.63789093
train_a,495 days 11:00:00,-15,1,0.8728265
train_a,495 days 12:00:00,-9,1,0.92298883
train_a,495 days 13:00:00,2,0,0.42243987
train_a,495 days 14:00:00,3,0,0.47212455
train_a,495 days 15:00:00,0,1,0.50847137
train_a,495 days 16:00:00,2,0,0.2984486
train_a,495 days 17:00:00,6,1,0.6410362
train_a,495 days 18:00:00,6,1,0.6166556
train_a,495 days 19:00:00,7,0,0.12544994
train_a,495 days 20:00:00,29,0,0.4336019
train_a,495 days 21:00:00,33,1,0.5286934
train_a,495 days 22:00:00,18,0,0.28219897
train_a,495 days 23:00:00,12,0,0.19718096
train_a,496 days 00:00:00,14,0,0.35203913
train_a,496 days 01:00:00,14,0,0.07939971
train_a,496 days 02:00:00,18,1,0.5650757
train_a,496 days 03:00:00,16,0,0.25211692
train_a,496 days 04:00:00,13,0,0.45863718
train_a,496 days 05:00:00,13,0,0.06474705
train_a,496 days 06:00:00,16,0,0.187306
train_a,496 days 07:00:00,15,0,0.2530503
train_a,496 days 08:00:00,14,0,0.0426058
train_a,496 days 09:00:00,16,0,0.1540915
train_a,496 days 10:00:00,18,0,0.12329954
train_a,496 days 11:00:00,13,0,0.062283095
train_a,496 days 12:00:00,-7,0,0.084308125
train_a,496 days 13:00:00,-13,0,0.39623752
train_a,496 days 14:00:00,-4,1,0.63590115
train_a,496 days 15:00:00,-3,1,0.6661982
train_a,496 days 16:00:00,-7,1,0.50480294
train_a,496 days 17:00:00,-16,0,0.24215674
train_a,496 days 18:00:00,-15,0,0.48806503
train_a,496 days 19:00:00,-14,1,0.6444538
train_a,496 days 20:00:00,-8,1,0.77748835
train_a,496 days 21:00:00,-21,1,0.64956385
train_a,496 days 22:00:00,-22,0,0.08525765
train_a,496 days 23:00:00,-11,0,0.15171415
train_a,497 days 00:00:00,-5,1,0.5767164
train_a,497 days 01:00:00,-1,0,0.4655616
train_a,497 days 02:00:00,8,0,0.09308698
train_a,497 days 03:00:00,26,0,0.06471924
train_a,497 days 04:00:00,11,0,0.03380163
train_a,497 days 05:00:00,27,0,0.15893039
train_a,497 days 06:00:00,6,0,0.073166
train_a,497 days 07:00:00,-26,0,0.1404387
train_a,497 days 08:00:00,-26,1,0.5527242
train_a,497 days 09:00:00,-33,1,0.71413296
train_a,497 days 10:00:00,-41,1,0.7899492
train_a,497 days 11:00:00,-39,1,0.9798274
train_a,497 days 12:00:00,-34,1,0.9327987
train_a,497 days 13:00:00,-32,1,0.90318775
train_a,497 days 14:00:00,-30,1,0.6141985
train_a,497 days 15:00:00,-29,1,0.93344635
train_a,497 days 16:00:00,-28,1,0.9588917
train_a,497 days 17:00:00,-26,1,0.9708308
train_a,497 days 18:00:00,-25,1,0.9811235
train_a,497 days 19:00:00,-26,1,0.97923684
train_a,497 days 20:00:00,-26,1,0.96874547
train_a,497 days 21:00:00,-25,1,0.964107
train_a,497 days 22:00:00,-27,1,0.9694966
train_a,497 days 23:00:00,-24,1,0.9667123
train_a,498 days 00:00:00,-18,1,0.9772729
train_a,498 days 01:00:00,-11,1,0.9736183
train_a,498 days 02:00:00,-9,1,0.9663693
train_a,498 days 03:00:00,-6,1,0.9474006
train_a,498 days 04:00:00,-10,1,0.726282
train_a,498 days 05:00:00,-13,0,0.08897505
train_a,498 days 06:00:00,-12,0,0.474075
train_a,498 days 07:00:00,-9,0,0.4652408
train_a,498 days 08:00:00,-7,0,0.14858288
train_a,498 days 09:00:00,-9,0,0.2257018
train_a,498 days 10:00:00,-13,0,0.057245113
train_a,498 days 11:00:00,-11,0,0.4847783
train_a,498 days 12:00:00,-11,1,0.55493677
train_a,498 days 13:00:00,-12,1,0.5463637
train_a,498 days 14:00:00,-12,0,0.14110965
train_a,498 days 15:00:00,-11,1,0.6528975
train_a,498 days 16:00:00,-13,0,0.16292597
train_a,498 days 17:00:00,-9,1,0.86525077
train_a,498 days 18:00:00,-11,1,0.9417695
train_a,498 days 19:00:00,-11,1,0.8956901
train_a,498 days 20:00:00,-13,1,0.9614175
train_a,498 days 21:00:00,-17,1,0.97886306
train_a,498 days 22:00:00,-17,1,0.8047236
train_a,498 days 23:00:00,-15,1,0.8818034
train_a,499 days 00:00:00,-14,1,0.8896235
train_a,499 days 01:00:00,-12,1,0.82323974
train_a,499 days 02:00:00,-11,1,0.79356927
train_a,499 days 03:00:00,-11,1,0.7389719
train_a,499 days 04:00:00,-9,1,0.93538487
train_a,499 days 05:00:00,-8,1,0.9022375
train_a,499 days 06:00:00,-3,1,0.86868304
train_a,499 days 07:00:00,-5,1,0.8840783
train_a,499 days 08:00:00,-5,1,0.7124728
train_a,499 days 09:00:00,-4,1,0.83478075
train_a,499 days 10:00:00,-5,1,0.8442371
train_a,499 days 11:00:00,-6,1,0.892472
train_a,499 days 12:00:00,-5,1,0.7535529
train_a,499 days 13:00:00,-7,1,0.85504264
train_a,499 days 14:00:00,-4,1,0.78943366
train_a,499 days 15:00:00,-1,1,0.853834
train_a,499 days 16:00:00,-2,1,0.8517008
train_a,499 days 17:00:00,-6,1,0.9568957
train_a,499 days 18:00:00,-5,1,0.7494732
train_a,499 days 19:00:00,-6,1,0.74750024
train_a,499 days 20:00:00,-8,1,0.6685069
train_a,499 days 21:00:00,-9,1,0.66166914
train_a,499 days 22:00:00,-8,1,0.8155765
train_a,499 days 23:00:00,-6,1,0.83294165
train_a,500 days 00:00:00,-7,1,0.76374316
train_a,500 days 01:00:00,-7,1,0.9340601
train_a,500 days 02:00:00,-7,1,0.70883733
train_a,500 days 03:00:00,-6,1,0.8441508
train_a,500 days 04:00:00,-9,1,0.8255648
train_a,500 days 05:00:00,-10,1,0.828646
train_a,500 days 06:00:00,-8,1,0.5608687
train_a,500 days 07:00:00,-6,0,0.05782521
train_a,500 days 08:00:00,-5,1,0.804183
train_a,500 days 09:00:00,-3,1,0.5221136
train_a,500 days 10:00:00,0,1,0.74920887
train_a,500 days 11:00:00,0,0,0.098539025
train_a,500 days 12:00:00,-2,0,0.017866133
train_a,500 days 13:00:00,1,0,0.0061129117
train_a,500 days 14:00:00,3,0,0.025995307
train_a,500 days 15:00:00,3,0,0.017061368
train_a,500 days 16:00:00,2,0,0.08148574
train_a,500 days 17:00:00,2,0,0.22296043
train_a,500 days 18:00:00,1,0,0.47703135
train_a,500 days 19:00:00,1,0,0.04959092
train_a,500 days 20:00:00,-3,0,0.06864974
train_a,500 days 21:00:00,-7,0,0.08804783
train_a,500 days 22:00:00,-12,0,0.06929558
train_a,500 days 23:00:00,-12,0,0.035371263
train_a,501 days 00:00:00,-12,0,0.15479665
train_a,501 days 01:00:00,-1,0,0.16487123
train_a,501 days 02:00:00,-4,0,0.11517924
train_a,501 days 03:00:00,-1,0,0.022221694
train_a,501 days 04:00:00,4,0,0.0495542
train_a,501 days 05:00:00,6,0,0.08173375
train_a,501 days 06:00:00,-4,0,0.14781152
train_a,501 days 07:00:00,-8,0,0.22421417
train_a,501 days 08:00:00,-8,0,0.32874897
train_a,501 days 09:00:00,-6,0,0.04765869
train_a,501 days 10:00:00,-8,0,0.2910131
train_a,501 days 11:00:00,-4,0,0.29503912
train_a,501 days 12:00:00,1,0,0.21627244
train_a,501 days 13:00:00,-1,1,0.7267542
train_a,501 days 14:00:00,-8,0,0.4744737
train_a,501 days 15:00:00,-8,0,0.31322291
train_a,501 days 16:00:00,-11,0,0.04360549
train_a,501 days 17:00:00,-14,0,0.044571485
train_a,501 days 18:00:00,-17,0,0.37812197
train_a,501 days 19:00:00,-14,0,0.41815668
train_a,501 days 20:00:00,-13,0,0.25900927
train_a,501 days 21:00:00,-16,0,0.47759235
train_a,501 days 22:00:00,-23,0,0.0445896
train_a,501 days 23:00:00,-22,0,0.07043463
train_a,502 days 00:00:00,-26,0,0.24364546
train_a,502 days 01:00:00,-20,0,0.43284488
train_a,502 days 02:00:00,-16,0,0.40483353
train_a,502 days 03:00:00,-16,1,0.6984387
train_a,502 days 04:00:00,-12,0,0.49177548
train_a,502 days 05:00:00,-11,0,0.22282891
train_a,502 days 06:00:00,-10,0,0.04526147
train_a,502 days 07:00:00,-14,0,0.11200684
train_a,502 days 08:00:00,-22,0,0.06652502
train_a,502 days 09:00:00,-22,0,0.1523025
train_a,502 days 10:00:00,-20,0,0.14776793
train_a,502 days 11:00:00,-23,0,0.10764441
train_a,502 days 12:00:00,-25,0,0.105579115
train_a,502 days 13:00:00,-24,0,0.006175374
train_a,502 days 14:00:00,-23,0,0.019763041
train_a,502 days 15:00:00,-21,0,0.008510514
train_a,502 days 16:00:00,-21,0,0.011981803
train_a,502 days 17:00:00,-19,0,0.0063429414
train_a,502 days 18:00:00,-17,0,0.00087270216
train_a,502 days 19:00:00,-16,0,0.0031448237
train_a,502 days 20:00:00,-17,0,0.0066773957
train_a,502 days 21:00:00,-16,0,0.0032787558
train_a,502 days 22:00:00,-12,0,0.0012136757
train_a,502 days 23:00:00,-7,0,0.0017800573
train_a,503 days 00:00:00,-3,0,0.0019671773
train_a,503 days 01:00:00,-3,0,0.004072901
train_a,503 days 02:00:00,-4,0,0.0024513612
train_a,503 days 03:00:00,-7,0,0.0028936423
train_a,503 days 04:00:00,-7,0,0.002434845
train_a,503 days 05:00:00,-7,0,0.013623546
train_a,503 days 06:00:00,-5,0,0.007437284
train_a,503 days 07:00:00,-5,0,0.10075601
train_a,503 days 08:00:00,-5,0,0.013871656
train_a,503 days 09:00:00,-5,0,0.021377295
train_a,503 days 10:00:00,-5,0,0.010086244
train_a,503 days 11:00:00,-6,0,0.006788353
train_a,503 days 12:00:00,-6,0,0.013947772
train_a,503 days 13:00:00,-6,0,0.0065122675
train_a,503 days 14:00:00,-5,0,0.003684818
train_a,503 days 15:00:00,-6,0,0.010395003
train_a,503 days 16:00:00,-6,0,0.031631984
train_a,503 days 17:00:00,-4,0,0.039326493
train_a,503 days 18:00:00,-2,0,0.022013634
train_a,503 days 19:00:00,-4,0,0.008003986
train_a,503 days 20:00:00,-7,0,0.009287162
train_a,503 days 21:00:00,-5,0,0.001525365
train_a,503 days 22:00:00,-3,0,0.0012872394
train_a,503 days 23:00:00,-1,0,0.0022063493
train_a,504 days 00:00:00,0,0,0.0018059881
train_a,504 days 01:00:00,0,0,0.0010610179
train_a,504 days 02:00:00,-1,0,0.0035418118
train_a,504 days 03:00:00,0,0,0.0022908365
train_a,504 days 04:00:00,4,0,0.00073927385
train_a,504 days 05:00:00,6,0,0.0004922565
train_a,504 days 06:00:00,8,0,0.0013743803
train_a,504 days 07:00:00,9,0,0.00089155516
train_a,504 days 08:00:00,11,0,0.0010890419
train_a,504 days 09:00:00,5,0,0.000944251
train_a,504 days 10:00:00,4,0,0.0006193701
train_a,504 days 11:00:00,7,0,0.00070334005
train_a,504 days 12:00:00,9,0,0.00042385585
train_a,504 days 13:00:00,9,0,0.0008472334
train_a,504 days 14:00:00,7,0,0.003814907
train_a,504 days 15:00:00,6,0,0.0016861197
train_a,504 days 16:00:00,7,0,0.0012723397
train_a,504 days 17:00:00,8,0,0.00093746826
train_a,504 days 18:00:00,10,0,0.0028030425
train_a,504 days 19:00:00,12,0,0.0029297585
train_a,504 days 20:00:00,10,0,0.0014021972
train_a,504 days 21:00:00,6,0,0.0009537698
train_a,504 days 22:00:00,4,0,0.001027039
train_a,504 days 23:00:00,3,0,0.0012820209
train_a,505 days 00:00:00,0,0,0.0041990345
train_a,505 days 01:00:00,-2,0,0.033823766
train_a,505 days 02:00:00,-1,0,0.017726865
train_a,505 days 03:00:00,-7,0,0.014904892
train_a,505 days 04:00:00,-9,0,0.008556616
train_a,505 days 05:00:00,-13,0,0.006363426
train_a,505 days 06:00:00,-15,0,0.009387982
train_a,505 days 07:00:00,-19,0,0.0076814224
train_a,505 days 08:00:00,-16,0,0.0070323525
train_a,505 days 09:00:00,-16,0,0.0024898117
train_a,505 days 10:00:00,-13,0,0.0013738523
train_a,505 days 11:00:00,-11,0,0.00074064604
train_a,505 days 12:00:00,-7,0,0.0006453124
train_a,505 days 13:00:00,-4,0,0.00103312
train_a,505 days 14:00:00,-1,0,0.0017914488
train_a,505 days 15:00:00,5,0,0.003239823
train_a,505 days 16:00:00,4,0,0.0043791835
train_a,505 days 17:00:00,2,0,0.004153809
train_a,505 days 18:00:00,6,0,0.026754564
train_a,505 days 19:00:00,8,0,0.055957288
train_a,505 days 20:00:00,-1,0,0.25820023
train_a,505 days 21:00:00,1,0,0.06390385
train_a,505 days 22:00:00,8,0,0.073601194
train_a,505 days 23:00:00,11,0,0.025411148
train_a,506 days 00:00:00,12,0,0.0129156215
train_a,506 days 01:00:00,11,0,0.007860919
train_a,506 days 02:00:00,8,0,0.0063712243
train_a,506 days 03:00:00,11,0,0.009524451
train_a,506 days 04:00:00,14,0,0.010587059
train_a,506 days 05:00:00,14,0,0.012126675
train_a,506 days 06:00:00,11,0,0.0034918431
train_a,506 days 07:00:00,9,0,0.010179228
train_a,506 days 08:00:00,5,0,0.075232536
train_a,506 days 09:00:00,3,0,0.28656262
train_a,506 days 10:00:00,3,0,0.014998643
train_a,506 days 11:00:00,1,0,0.035126626
train_a,506 days 12:00:00,1,0,0.07560064
train_a,506 days 13:00:00,1,0,0.19838203
train_a,506 days 14:00:00,1,0,0.23700099
train_a,506 days 15:00:00,1,0,0.03675443
train_a,506 days 16:00:00,2,0,0.0074617453
train_a,506 days 17:00:00,2,0,0.02472776
train_a,506 days 18:00:00,6,0,0.054960743
train_a,506 days 19:00:00,3,0,0.086502515
train_a,506 days 20:00:00,7,0,0.0054137744
train_a,506 days 21:00:00,7,0,0.0043961396
train_a,506 days 22:00:00,9,0,0.004283676
train_a,506 days 23:00:00,11,0,0.009250031
train_a,507 days 00:00:00,7,0,0.0030848961
train_a,507 days 01:00:00,7,0,0.002331443
train_a,507 days 02:00:00,9,0,0.0034943076
train_a,507 days 03:00:00,9,0,0.0031225872
train_a,507 days 04:00:00,15,0,0.008574684
train_a,507 days 05:00:00,16,0,0.008089471
train_a,507 days 06:00:00,19,0,0.011014018
train_a,507 days 07:00:00,21,0,0.009978637
train_a,507 days 08:00:00,20,0,0.020599332
train_a,507 days 09:00:00,14,0,0.022651173
train_a,507 days 10:00:00,7,0,0.035907205
train_a,507 days 11:00:00,4,0,0.03093195
train_a,507 days 12:00:00,4,0,0.021327669
train_a,507 days 13:00:00,0,0,0.06028314
train_a,507 days 14:00:00,-5,0,0.11406715
train_a,507 days 15:00:00,-10,0,0.09437976
train_a,507 days 16:00:00,-16,0,0.02762208
train_a,507 days 17:00:00,-19,0,0.014383566
train_a,507 days 18:00:00,-23,0,0.016612595
train_a,507 days 19:00:00,-28,0,0.033557225
train_a,507 days 20:00:00,-31,0,0.008991286
train_a,507 days 21:00:00,-30,0,0.0064602112
train_a,507 days 22:00:00,-24,0,0.006502344
train_a,507 days 23:00:00,-18,0,0.011493853
train_a,508 days 00:00:00,-9,0,0.027730102
train_a,508 days 01:00:00,-11,0,0.008603545
train_a,508 days 02:00:00,-12,0,0.010099288
train_a,508 days 03:00:00,-9,0,0.005656037
train_a,508 days 04:00:00,-8,0,0.006287384
train_a,508 days 05:00:00,-9,0,0.006757709
train_a,508 days 06:00:00,-7,0,0.0036634111
train_a,508 days 07:00:00,-5,0,0.00094290794
train_a,508 days 08:00:00,-4,0,0.0007399363
train_a,508 days 09:00:00,-6,0,0.00092556304
train_a,508 days 10:00:00,-8,0,0.0007578402
train_a,508 days 11:00:00,-9,0,0.00036236944
train_a,508 days 12:00:00,-11,0,0.0011782707
train_a,508 days 13:00:00,-10,0,0.00087655784
train_a,508 days 14:00:00,-9,0,0.00039687718
train_a,508 days 15:00:00,-7,0,0.00086417823
train_a,508 days 16:00:00,-8,0,0.0006916025
train_a,508 days 17:00:00,-11,0,0.0008630493
train_a,508 days 18:00:00,-10,0,0.0011677331
train_a,508 days 19:00:00,-8,0,0.0004981511
train_a,508 days 20:00:00,-6,0,0.00030661907
train_a,508 days 21:00:00,-3,0,0.0017611384
train_a,508 days 22:00:00,2,0,0.0026609874
train_a,508 days 23:00:00,4,0,0.0031505465
train_a,509 days 00:00:00,3,0,0.0026770604
train_a,509 days 01:00:00,-1,0,0.0012522903
train_a,509 days 02:00:00,-2,0,0.0020455613
train_a,509 days 03:00:00,-2,0,0.0014141606
train_a,509 days 04:00:00,-1,0,0.0010413488
train_a,509 days 05:00:00,0,0,0.0015098542
train_a,509 days 06:00:00,3,0,0.0016856061
train_a,509 days 07:00:00,1,0,0.0019197353
train_a,509 days 08:00:00,-2,0,0.00084395334
train_a,509 days 09:00:00,-3,0,0.0013981028
train_a,509 days 10:00:00,0,0,0.003289871
train_a,509 days 11:00:00,4,0,0.0018145096
train_a,509 days 12:00:00,2,0,0.0030380853
train_a,509 days 13:00:00,1,0,0.0027971896
train_a,509 days 14:00:00,2,0,0.0006579245
train_a,509 days 15:00:00,3,0,0.0015488104
train_a,509 days 16:00:00,1,0,0.0010051486
train_a,509 days 17:00:00,-4,0,0.0029479729
train_a,509 days 18:00:00,-10,0,0.0022411912
train_a,509 days 19:00:00,-9,0,0.0018156465
train_a,509 days 20:00:00,-8,0,0.0030344145
train_a,509 days 21:00:00,-6,0,0.0040916433
train_a,509 days 22:00:00,-2,0,0.005943827
train_a,509 days 23:00:00,2,0,0.008358881
train_a,510 days 00:00:00,2,0,0.0064329803
train_a,510 days 01:00:00,1,0,0.0047529503
train_a,510 days 02:00:00,3,0,0.009762528
train_a,510 days 03:00:00,7,0,0.0025562588
train_a,510 days 04:00:00,8,0,0.0046184547
train_a,510 days 05:00:00,5,0,0.0039595575
train_a,510 days 06:00:00,3,0,0.0032688302
train_a,510 days 07:00:00,1,0,0.0028846955
train_a,510 days 08:00:00,0,0,0.0036563496
train_a,510 days 09:00:00,-1,0,0.001815955
train_a,510 days 10:00:00,-2,0,0.011636371
train_a,510 days 11:00:00,-1,0,0.0018088002
train_a,510 days 12:00:00,-3,0,0.0010165258
train_a,510 days 13:00:00,-4,0,0.0022414941
train_a,510 days 14:00:00,-1,0,0.0029800239
train_a,510 days 15:00:00,-1,0,0.013936536
train_a,510 days 16:00:00,-3,0,0.0028448366
train_a,510 days 17:00:00,-2,0,0.0010609309
train_a,510 days 18:00:00,-1,0,0.0008498151
train_a,510 days 19:00:00,0,0,0.001037861
train_a,510 days 20:00:00,0,0,0.0022622945
train_a,510 days 21:00:00,-1,0,0.001183667
train_a,510 days 22:00:00,0,0,0.004710518
train_a,510 days 23:00:00,5,0,0.009533992
train_a,511 days 00:00:00,10,0,0.0066687954
train_a,511 days 01:00:00,9,0,0.036171567
train_a,511 days 02:00:00,14,0,0.08935936
train_a,511 days 03:00:00,8,0,0.33505872
train_a,511 days 04:00:00,0,0,0.26735643
train_a,511 days 05:00:00,-5,0,0.01436879
train_a,511 days 06:00:00,-9,0,0.007121813
train_a,511 days 07:00:00,-16,0,0.011601785
train_a,511 days 08:00:00,-23,0,0.02012208
train_a,511 days 09:00:00,-24,0,0.012023171
train_a,511 days 10:00:00,-17,0,0.02063432
train_a,511 days 11:00:00,-15,0,0.002515751
train_a,511 days 12:00:00,-12,0,0.0015211892
train_a,511 days 13:00:00,-15,0,0.0036821614
train_a,511 days 14:00:00,-16,0,0.0026373183
train_a,511 days 15:00:00,-20,0,0.0028016544
train_a,511 days 16:00:00,-23,0,0.003757441
train_a,511 days 17:00:00,-24,0,0.00364708
train_a,511 days 18:00:00,-24,0,0.0031536196
train_a,511 days 19:00:00,-20,0,0.0012028689
train_a,511 days 20:00:00,-22,0,0.003604682
train_a,511 days 21:00:00,-26,0,0.0021064258
train_a,511 days 22:00:00,-23,0,0.0031604054
train_a,511 days 23:00:00,-16,0,0.0013304042
train_a,512 days 00:00:00,-12,0,0.0030954827
train_a,512 days 01:00:00,-8,0,0.0012498553
train_a,512 days 02:00:00,-4,0,0.0010562737
train_a,512 days 03:00:00,-4,0,0.0010347954
train_a,512 days 04:00:00,-6,0,0.0013561209
train_a,512 days 05:00:00,-6,0,0.0018776354
train_a,512 days 06:00:00,-4,0,0.0013818904
train_a,512 days 07:00:00,-2,0,0.001060509
train_a,512 days 08:00:00,-3,0,0.0008163499
train_a,512 days 09:00:00,-2,0,0.0008090063
train_a,512 days 10:00:00,0,0,0.00046551385
train_a,512 days 11:00:00,1,0,0.00023648886
train_a,512 days 12:00:00,-3,0,0.00046203219
train_a,512 days 13:00:00,-7,0,0.0007814372
train_a,512 days 14:00:00,-5,0,0.00027194634
train_a,512 days 15:00:00,-2,0,0.0006004168
train_a,512 days 16:00:00,-3,0,0.0008262899
train_a,512 days 17:00:00,-4,0,0.0013137076
train_a,512 days 18:00:00,-4,0,0.0015345439
train_a,512 days 19:00:00,0,0,0.0019145
train_a,512 days 20:00:00,0,0,0.0017101135
train_a,512 days 21:00:00,0,0,0.00126388
train_a,512 days 22:00:00,0,0,0.0011000575
train_a,512 days 23:00:00,1,0,0.0009230619
train_a,513 days 00:00:00,-1,0,0.000671234
train_a,513 days 01:00:00,-2,0,0.00057368004
train_a,513 days 02:00:00,-1,0,0.0005487224
train_a,513 days 03:00:00,0,0,0.0006060298
train_a,513 days 04:00:00,3,0,0.00065222103
train_a,513 days 05:00:00,5,0,0.0005175578
train_a,513 days 06:00:00,6,0,0.00048408203
train_a,513 days 07:00:00,5,0,0.0010955527
train_a,513 days 08:00:00,4,0,0.0005262026
train_a,513 days 09:00:00,3,0,0.0005569177
train_a,513 days 10:00:00,3,0,0.0024801877
train_a,513 days 11:00:00,8,0,0.0026422108
train_a,513 days 12:00:00,16,0,0.00068648375
train_a,513 days 13:00:00,18,0,0.001566636
train_a,513 days 14:00:00,17,0,0.000862593
train_a,513 days 15:00:00,18,0,0.00050698355
train_a,513 days 16:00:00,18,0,0.00075444486
train_a,513 days 17:00:00,16,0,0.0007324101
train_a,513 days 18:00:00,11,0,0.0003660486
train_a,513 days 19:00:00,6,0,0.00093884836
train_a,513 days 20:00:00,8,0,0.006521371
train_a,513 days 21:00:00,8,0,0.006309899
train_a,513 days 22:00:00,18,0,0.004521301
train_a,513 days 23:00:00,21,0,0.006392805
train_a,514 days 00:00:00,12,0,0.002927532
train_a,514 days 01:00:00,7,0,0.0044952636
train_a,514 days 02:00:00,8,0,0.0033775624
train_a,514 days 03:00:00,10,0,0.0044169435
train_a,514 days 04:00:00,6,0,0.016695535
train_a,514 days 05:00:00,1,0,0.0031538818
train_a,514 days 06:00:00,-5,0,0.0055809175
train_a,514 days 07:00:00,-6,0,0.013004274
train_a,514 days 08:00:00,-4,0,0.055808075
train_a,514 days 09:00:00,-5,0,0.007783887
train_a,514 days 10:00:00,-2,0,0.028578153
train_a,514 days 11:00:00,-1,0,0.14025731
train_a,514 days 12:00:00,-6,0,0.06642362
train_a,514 days 13:00:00,-5,0,0.035144344
train_a,514 days 14:00:00,-2,0,0.007989532
train_a,514 days 15:00:00,-2,0,0.021513812
train_a,514 days 16:00:00,-3,0,0.14860234
train_a,514 days 17:00:00,-2,0,0.06107063
train_a,514 days 18:00:00,-1,0,0.016387384
train_a,514 days 19:00:00,0,0,0.006316881
train_a,514 days 20:00:00,-2,0,0.008389362
train_a,514 days 21:00:00,-3,0,0.0067854733
train_a,514 days 22:00:00,-7,0,0.0030160504
train_a,514 days 23:00:00,-5,0,0.0048703654
train_a,515 days 00:00:00,-5,0,0.0026375405
train_a,515 days 01:00:00,-3,0,0.0026984417
train_a,515 days 02:00:00,-1,0,0.002392309
train_a,515 days 03:00:00,-1,0,0.004522196
train_a,515 days 04:00:00,-2,0,0.0027198417
train_a,515 days 05:00:00,-2,0,0.003565054
train_a,515 days 06:00:00,0,0,0.0026828414
train_a,515 days 07:00:00,1,0,0.0026435708
train_a,515 days 08:00:00,1,0,0.0033990846
train_a,515 days 09:00:00,4,0,0.0017540732
train_a,515 days 10:00:00,5,0,0.0037576961
train_a,515 days 11:00:00,8,0,0.0018205487
train_a,515 days 12:00:00,12,0,0.0017838309
train_a,515 days 13:00:00,13,0,0.0052779354
train_a,515 days 14:00:00,12,0,0.004602063
train_a,515 days 15:00:00,13,0,0.0023535923
train_a,515 days 16:00:00,14,0,0.002635998
train_a,515 days 17:00:00,13,0,0.003748753
train_a,515 days 18:00:00,10,0,0.0008256162
train_a,515 days 19:00:00,8,0,0.0026715978
train_a,515 days 20:00:00,8,0,0.0011272121
train_a,515 days 21:00:00,8,0,0.0013237454
train_a,515 days 22:00:00,7,0,0.001212928
train_a,515 days 23:00:00,8,0,0.0017229625
train_a,516 days 00:00:00,7,0,0.0023641405
train_a,516 days 01:00:00,9,0,0.0018868848
train_a,516 days 02:00:00,10,0,0.0037206924
train_a,516 days 03:00:00,11,0,0.0010706725
train_a,516 days 04:00:00,10,0,0.0013137294
train_a,516 days 05:00:00,12,0,0.001128417
train_a,516 days 06:00:00,14,0,0.0018840213
train_a,516 days 07:00:00,14,0,0.0011895468
train_a,516 days 08:00:00,11,0,0.004252537
train_a,516 days 09:00:00,12,0,0.005560549
train_a,516 days 10:00:00,14,0,0.0020337463
train_a,516 days 11:00:00,14,0,0.0013222598
train_a,516 days 12:00:00,14,0,0.0010813582
train_a,516 days 13:00:00,13,0,0.0018016411
train_a,516 days 14:00:00,13,0,0.0036865617
train_a,516 days 15:00:00,10,0,0.0011558171
train_a,516 days 16:00:00,11,0,0.0012896765
train_a,516 days 17:00:00,15,0,0.002180489
train_a,516 days 18:00:00,16,0,0.0026188926
train_a,516 days 19:00:00,16,0,0.0019009094
train_a,516 days 20:00:00,15,0,0.00202666
train_a,516 days 21:00:00,14,0,0.0015540096
train_a,516 days 22:00:00,15,0,0.0016999494
train_a,516 days 23:00:00,15,0,0.0016967576
train_a,517 days 00:00:00,16,0,0.0035805781
train_a,517 days 01:00:00,20,0,0.00143856
train_a,517 days 02:00:00,22,0,0.0012429755
train_a,517 days 03:00:00,22,0,0.0011443747
train_a,517 days 04:00:00,25,0,0.0009841402
train_a,517 days 05:00:00,19,0,0.0010439458
train_a,517 days 06:00:00,17,0,0.0013855716
train_a,517 days 07:00:00,15,0,0.0010668794
train_a,517 days 08:00:00,18,0,0.0013025958
train_a,517 days 09:00:00,21,0,0.0007488253
train_a,517 days 10:00:00,23,0,0.0010219943
train_a,517 days 11:00:00,24,0,0.00053904456
train_a,517 days 12:00:00,20,0,0.00050707534
train_a,517 days 13:00:00,15,0,0.0012970424
train_a,517 days 14:00:00,10,0,0.00055805105
train_a,517 days 15:00:00,8,0,0.00085767754
train_a,517 days 16:00:00,5,0,0.00064359786
train_a,517 days 17:00:00,1,0,0.002230718
train_a,517 days 18:00:00,2,0,0.002284486
train_a,517 days 19:00:00,6,0,0.0011276073
train_a,517 days 20:00:00,10,0,0.001321943
train_a,517 days 21:00:00,12,0,0.0006235033
train_a,517 days 22:00:00,15,0,0.0012393798
train_a,517 days 23:00:00,14,0,0.0014022826
train_a,518 days 00:00:00,12,0,0.0004903308
train_a,518 days 01:00:00,13,0,0.0006158254
train_a,518 days 02:00:00,15,0,0.0006094917
train_a,518 days 03:00:00,19,0,0.00059458025
train_a,518 days 04:00:00,23,0,0.0008473917
train_a,518 days 05:00:00,23,0,0.0011534177
train_a,518 days 06:00:00,22,0,0.0029717048
train_a,518 days 07:00:00,21,0,0.0022371036
train_a,518 days 08:00:00,22,0,0.0014510632
train_a,518 days 09:00:00,25,0,0.0013479841
train_a,518 days 10:00:00,23,0,0.001270887
train_a,518 days 11:00:00,22,0,0.0012150685
train_a,518 days 12:00:00,19,0,0.001450733
train_a,518 days 13:00:00,17,0,0.001364043
train_a,518 days 14:00:00,20,0,0.0012323715
train_a,518 days 15:00:00,23,0,0.0010679883
train_a,518 days 16:00:00,23,0,0.0006169992
train_a,518 days 17:00:00,20,0,0.0013365123
train_a,518 days 18:00:00,17,0,0.0014733522
train_a,518 days 19:00:00,17,0,0.0010199011
train_a,518 days 20:00:00,18,0,0.00079567725
train_a,518 days 21:00:00,21,0,0.0017534697
train_a,518 days 22:00:00,23,0,0.00084813935
train_a,518 days 23:00:00,28,0,0.0005011614
train_a,519 days 00:00:00,28,0,0.0010145918
train_a,519 days 01:00:00,28,0,0.0022391407
train_a,519 days 02:00:00,30,0,0.002147606
train_a,519 days 03:00:00,32,0,0.0015659432
train_a,519 days 04:00:00,32,0,0.0037499228
train_a,519 days 05:00:00,32,0,0.003961815
train_a,519 days 06:00:00,34,0,0.0041547995
train_a,519 days 07:00:00,35,0,0.0016678689
train_a,519 days 08:00:00,33,0,0.00089252205
train_a,519 days 09:00:00,31,0,0.0007588118
train_a,519 days 10:00:00,30,0,0.0012943354
train_a,519 days 11:00:00,27,0,0.0016084809
train_a,519 days 12:00:00,26,0,0.00068616064
train_a,519 days 13:00:00,27,0,0.001041577
train_a,519 days 14:00:00,23,0,0.0023353714
train_a,519 days 15:00:00,14,0,0.00087797083
train_a,519 days 18:00:00,19,0,0.0032316274
train_a,519 days 19:00:00,16,0,0.0012417034
train_a,519 days 20:00:00,15,0,0.0029347506
train_a,519 days 21:00:00,15,0,0.00095385336
